ParentKey,LineNum,ItemCode,LineStatus,ItemDescription,Quantity,Price,Currency,Rate,DiscountPercent,VendorNum,SerialNumber,WarehouseCode,ProjectCode,Factor,Factor2,Factor3,Factor4,DistributionRule,UseBaseUnits,MeasureUnit,UnitsOfMeasurment
DocNum,LineNum,ItemCode,LineStatus,Dscription,Quantity,Price,Currency,Rate,DiscPrcnt,VendorNum,SerialNum,WhsCode,Project,Factor1,Factor2,Factor3,Factor4,OcrCode,UseBaseUn,unitMsr,NumPerMsr
600685,3,,C,,,,,,,,,,,,,,,,,,
600688,5,,C,,,,,,,,,,,,,,,,,,
600693,19,,C,,,,,,,,,,,,,,,,,,
600694,20,,C,,,,,,,,,,,,,,,,,,
600694,28,,C,,,,,,,,,,,,,,,,,,
600694,1,,C,,,,,,,,,,,,,,,,,,
600694,2,,C,,,,,,,,,,,,,,,,,,
600694,26,,C,,,,,,,,,,,,,,,,,,
600698,6,,C,,,,,,,,,,,,,,,,,,
600698,13,,C,,,,,,,,,,,,,,,,,,
600701,6,,C,,,,,,,,,,,,,,,,,,
600701,5,,C,,,,,,,,,,,,,,,,,,
600703,22,,C,,,,,,,,,,,,,,,,,,
600703,23,,C,,,,,,,,,,,,,,,,,,
600711,2,,C,,,,,,,,,,,,,,,,,,
600716,4,,C,,,,,,,,,,,,,,,,,,
600718,17,,C,,,,,,,,,,,,,,,,,,
600718,21,,C,,,,,,,,,,,,,,,,,,
600720,2,,C,,,,,,,,,,,,,,,,,,
600721,5,,C,,,,,,,,,,,,,,,,,,
600735,10,,C,,,,,,,,,,,,,,,,,,
600735,9,,C,,,,,,,,,,,,,,,,,,
600746,9,,C,,,,,,,,,,,,,,,,,,
600764,7,,C,,,,,,,,,,,,,,,,,,
600770,8,,C,,,,,,,,,,,,,,,,,,
600787,4,,C,,,,,,,,,,,,,,,,,,
600803,0,,C,,,,,,,,,,,,,,,,,,
600811,0,,C,,,,,,,,,,,,,,,,,,
600811,2,,C,,,,,,,,,,,,,,,,,,
600823,0,,C,,,,,,,,,,,,,,,,,,
600833,0,,C,,,,,,,,,,,,,,,,,,
600847,0,,C,,,,,,,,,,,,,,,,,,
600853,2,,C,,,,,,,,,,,,,,,,,,
600859,0,,C,,,,,,,,,,,,,,,,,,
600877,2,,C,,,,,,,,,,,,,,,,,,
600889,18,,C,,,,,,,,,,,,,,,,,,
600908,2,,C,,,,,,,,,,,,,,,,,,
600960,0,,C,,,,,,,,,,,,,,,,,,
600983,11,,C,,,,,,,,,,,,,,,,,,
600983,13,,C,,,,,,,,,,,,,,,,,,
600983,6,,C,,,,,,,,,,,,,,,,,,
600983,4,,C,,,,,,,,,,,,,,,,,,
600983,7,,C,,,,,,,,,,,,,,,,,,
600983,2,,C,,,,,,,,,,,,,,,,,,
600986,6,,C,,,,,,,,,,,,,,,,,,
600986,1,,C,,,,,,,,,,,,,,,,,,
600986,4,,C,,,,,,,,,,,,,,,,,,
600990,4,,C,,,,,,,,,,,,,,,,,,
600990,5,,C,,,,,,,,,,,,,,,,,,
600995,1,,C,,,,,,,,,,,,,,,,,,
601007,4,,C,,,,,,,,,,,,,,,,,,
601007,5,,C,,,,,,,,,,,,,,,,,,
601014,2,,C,,,,,,,,,,,,,,,,,,
601022,1,,C,,,,,,,,,,,,,,,,,,
601022,0,,C,,,,,,,,,,,,,,,,,,
601034,4,,C,,,,,,,,,,,,,,,,,,
601040,16,,C,,,,,,,,,,,,,,,,,,
601040,9,,C,,,,,,,,,,,,,,,,,,
601040,3,,C,,,,,,,,,,,,,,,,,,
601040,12,,C,,,,,,,,,,,,,,,,,,
601041,13,,C,,,,,,,,,,,,,,,,,,
601041,12,,C,,,,,,,,,,,,,,,,,,
601045,2,,C,,,,,,,,,,,,,,,,,,
601054,1,,C,,,,,,,,,,,,,,,,,,
601054,4,,C,,,,,,,,,,,,,,,,,,
601063,1,,C,,,,,,,,,,,,,,,,,,
601063,0,,C,,,,,,,,,,,,,,,,,,
601063,2,,C,,,,,,,,,,,,,,,,,,
601063,5,,C,,,,,,,,,,,,,,,,,,
601063,6,,C,,,,,,,,,,,,,,,,,,
601065,0,,C,,,,,,,,,,,,,,,,,,
601068,12,,C,,,,,,,,,,,,,,,,,,
601068,3,,C,,,,,,,,,,,,,,,,,,
601068,16,,C,,,,,,,,,,,,,,,,,,
601071,0,,C,,,,,,,,,,,,,,,,,,
601078,4,,C,,,,,,,,,,,,,,,,,,
601083,9,,C,,,,,,,,,,,,,,,,,,
601084,3,,C,,,,,,,,,,,,,,,,,,
601084,5,,C,,,,,,,,,,,,,,,,,,
601093,11,,C,,,,,,,,,,,,,,,,,,
601093,10,,C,,,,,,,,,,,,,,,,,,
601111,17,,C,,,,,,,,,,,,,,,,,,
601111,15,,C,,,,,,,,,,,,,,,,,,
601135,0,,C,,,,,,,,,,,,,,,,,,
601145,0,,C,,,,,,,,,,,,,,,,,,
601145,4,,C,,,,,,,,,,,,,,,,,,
601145,6,,C,,,,,,,,,,,,,,,,,,
601145,3,,C,,,,,,,,,,,,,,,,,,
601155,0,,C,,,,,,,,,,,,,,,,,,
601166,3,,C,,,,,,,,,,,,,,,,,,
601166,2,,C,,,,,,,,,,,,,,,,,,
601166,9,,C,,,,,,,,,,,,,,,,,,
601166,10,,C,,,,,,,,,,,,,,,,,,
601166,8,,C,,,,,,,,,,,,,,,,,,
601166,1,,C,,,,,,,,,,,,,,,,,,
601186,8,,C,,,,,,,,,,,,,,,,,,
601186,9,,C,,,,,,,,,,,,,,,,,,
601186,6,,C,,,,,,,,,,,,,,,,,,
601186,7,,C,,,,,,,,,,,,,,,,,,
601190,13,,C,,,,,,,,,,,,,,,,,,
601190,9,,C,,,,,,,,,,,,,,,,,,
601190,10,,C,,,,,,,,,,,,,,,,,,
601194,15,,C,,,,,,,,,,,,,,,,,,
601194,8,,C,,,,,,,,,,,,,,,,,,
601194,19,,C,,,,,,,,,,,,,,,,,,
601194,18,,C,,,,,,,,,,,,,,,,,,
601194,10,,C,,,,,,,,,,,,,,,,,,
601197,3,,C,,,,,,,,,,,,,,,,,,
601197,2,,C,,,,,,,,,,,,,,,,,,
601204,8,,C,,,,,,,,,,,,,,,,,,
601204,6,,C,,,,,,,,,,,,,,,,,,
601204,10,,C,,,,,,,,,,,,,,,,,,
601204,11,,C,,,,,,,,,,,,,,,,,,
601205,16,,C,,,,,,,,,,,,,,,,,,
601205,13,,C,,,,,,,,,,,,,,,,,,
601214,3,,C,,,,,,,,,,,,,,,,,,
601216,2,,C,,,,,,,,,,,,,,,,,,
601216,4,,C,,,,,,,,,,,,,,,,,,
601216,5,,C,,,,,,,,,,,,,,,,,,
601240,12,,C,,,,,,,,,,,,,,,,,,
601242,23,,C,,,,,,,,,,,,,,,,,,
601242,27,,C,,,,,,,,,,,,,,,,,,
601242,0,,C,,,,,,,,,,,,,,,,,,
601242,6,,C,,,,,,,,,,,,,,,,,,
601242,5,,C,,,,,,,,,,,,,,,,,,
601242,7,,C,,,,,,,,,,,,,,,,,,
601242,16,,C,,,,,,,,,,,,,,,,,,
601242,13,,C,,,,,,,,,,,,,,,,,,
601242,36,,C,,,,,,,,,,,,,,,,,,
601242,35,,C,,,,,,,,,,,,,,,,,,
601263,12,,C,,,,,,,,,,,,,,,,,,
601264,3,,C,,,,,,,,,,,,,,,,,,
601264,1,,C,,,,,,,,,,,,,,,,,,
601264,2,,C,,,,,,,,,,,,,,,,,,
601266,15,,C,,,,,,,,,,,,,,,,,,
601266,11,,C,,,,,,,,,,,,,,,,,,
601266,12,,C,,,,,,,,,,,,,,,,,,
601266,10,,C,,,,,,,,,,,,,,,,,,
601270,13,,C,,,,,,,,,,,,,,,,,,
601281,17,,C,,,,,,,,,,,,,,,,,,
601281,14,,C,,,,,,,,,,,,,,,,,,
601282,11,,C,,,,,,,,,,,,,,,,,,
601282,12,,C,,,,,,,,,,,,,,,,,,
601288,2,,C,,,,,,,,,,,,,,,,,,
601288,1,,C,,,,,,,,,,,,,,,,,,
601293,12,,C,,,,,,,,,,,,,,,,,,
601305,13,,C,,,,,,,,,,,,,,,,,,
601305,11,,C,,,,,,,,,,,,,,,,,,
601305,10,,C,,,,,,,,,,,,,,,,,,
601305,4,,C,,,,,,,,,,,,,,,,,,
601305,15,,C,,,,,,,,,,,,,,,,,,
601305,7,,C,,,,,,,,,,,,,,,,,,
601309,1,,C,,,,,,,,,,,,,,,,,,
601309,0,,C,,,,,,,,,,,,,,,,,,
601310,4,,C,,,,,,,,,,,,,,,,,,
601310,2,,C,,,,,,,,,,,,,,,,,,
601310,3,,C,,,,,,,,,,,,,,,,,,
601312,2,,C,,,,,,,,,,,,,,,,,,
601312,4,,C,,,,,,,,,,,,,,,,,,
601322,15,,C,,,,,,,,,,,,,,,,,,
601327,8,,C,,,,,,,,,,,,,,,,,,
601328,5,,C,,,,,,,,,,,,,,,,,,
601328,3,,C,,,,,,,,,,,,,,,,,,
601328,1,,C,,,,,,,,,,,,,,,,,,
601335,5,,C,,,,,,,,,,,,,,,,,,
601335,14,,C,,,,,,,,,,,,,,,,,,
601335,15,,C,,,,,,,,,,,,,,,,,,
601342,1,,C,,,,,,,,,,,,,,,,,,
601343,1,,C,,,,,,,,,,,,,,,,,,
601343,0,,C,,,,,,,,,,,,,,,,,,
601343,2,,C,,,,,,,,,,,,,,,,,,
601351,16,,C,,,,,,,,,,,,,,,,,,
601351,15,,C,,,,,,,,,,,,,,,,,,
601360,12,,C,,,,,,,,,,,,,,,,,,
601361,8,,C,,,,,,,,,,,,,,,,,,
601373,2,,C,,,,,,,,,,,,,,,,,,
601373,1,,C,,,,,,,,,,,,,,,,,,
601373,0,,C,,,,,,,,,,,,,,,,,,
601383,17,,C,,,,,,,,,,,,,,,,,,
601383,10,,C,,,,,,,,,,,,,,,,,,
601383,13,,C,,,,,,,,,,,,,,,,,,
601383,7,,C,,,,,,,,,,,,,,,,,,
601385,23,,C,,,,,,,,,,,,,,,,,,
601385,22,,C,,,,,,,,,,,,,,,,,,
601386,0,,C,,,,,,,,,,,,,,,,,,
601386,1,,C,,,,,,,,,,,,,,,,,,
601386,6,,C,,,,,,,,,,,,,,,,,,
601386,2,,C,,,,,,,,,,,,,,,,,,
601386,5,,C,,,,,,,,,,,,,,,,,,
601386,4,,C,,,,,,,,,,,,,,,,,,
601387,5,,C,,,,,,,,,,,,,,,,,,
601387,3,,C,,,,,,,,,,,,,,,,,,
601388,1,,C,,,,,,,,,,,,,,,,,,
601395,23,,C,,,,,,,,,,,,,,,,,,
601395,26,,C,,,,,,,,,,,,,,,,,,
601397,2,,C,,,,,,,,,,,,,,,,,,
601397,5,,C,,,,,,,,,,,,,,,,,,
601397,8,,C,,,,,,,,,,,,,,,,,,
601397,1,,C,,,,,,,,,,,,,,,,,,
601397,6,,C,,,,,,,,,,,,,,,,,,
601401,0,,C,,,,,,,,,,,,,,,,,,
601404,4,,C,,,,,,,,,,,,,,,,,,
601404,7,,C,,,,,,,,,,,,,,,,,,
601404,1,,C,,,,,,,,,,,,,,,,,,
601414,19,,C,,,,,,,,,,,,,,,,,,
601414,17,,C,,,,,,,,,,,,,,,,,,
601418,0,,C,,,,,,,,,,,,,,,,,,
601423,1,,C,,,,,,,,,,,,,,,,,,
601436,1,,C,,,,,,,,,,,,,,,,,,
601438,1,,C,,,,,,,,,,,,,,,,,,
601438,0,,C,,,,,,,,,,,,,,,,,,
601439,0,,C,,,,,,,,,,,,,,,,,,
601443,41,,C,,,,,,,,,,,,,,,,,,
601443,15,,C,,,,,,,,,,,,,,,,,,
601443,42,,C,,,,,,,,,,,,,,,,,,
601445,2,,C,,,,,,,,,,,,,,,,,,
601445,0,,C,,,,,,,,,,,,,,,,,,
601447,5,,C,,,,,,,,,,,,,,,,,,
601447,7,,C,,,,,,,,,,,,,,,,,,
601450,1,,C,,,,,,,,,,,,,,,,,,
601450,7,,C,,,,,,,,,,,,,,,,,,
601450,2,,C,,,,,,,,,,,,,,,,,,
601456,24,,C,,,,,,,,,,,,,,,,,,
601456,8,,C,,,,,,,,,,,,,,,,,,
601456,2,,C,,,,,,,,,,,,,,,,,,
601457,4,,C,,,,,,,,,,,,,,,,,,
601457,18,,C,,,,,,,,,,,,,,,,,,
601465,2,,C,,,,,,,,,,,,,,,,,,
601475,5,,C,,,,,,,,,,,,,,,,,,
601475,3,,C,,,,,,,,,,,,,,,,,,
601478,0,,C,,,,,,,,,,,,,,,,,,
601478,1,,C,,,,,,,,,,,,,,,,,,
601496,20,,C,,,,,,,,,,,,,,,,,,
601498,26,,C,,,,,,,,,,,,,,,,,,
601498,28,,C,,,,,,,,,,,,,,,,,,
601498,29,,C,,,,,,,,,,,,,,,,,,
601498,31,,C,,,,,,,,,,,,,,,,,,
601498,5,,C,,,,,,,,,,,,,,,,,,
601498,34,,C,,,,,,,,,,,,,,,,,,
601511,4,,C,,,,,,,,,,,,,,,,,,
601511,3,,C,,,,,,,,,,,,,,,,,,
601511,1,,C,,,,,,,,,,,,,,,,,,
601511,0,,C,,,,,,,,,,,,,,,,,,
601515,18,,C,,,,,,,,,,,,,,,,,,
601523,1,,C,,,,,,,,,,,,,,,,,,
601523,2,,C,,,,,,,,,,,,,,,,,,
601523,4,,C,,,,,,,,,,,,,,,,,,
601523,0,,C,,,,,,,,,,,,,,,,,,
601541,25,,C,,,,,,,,,,,,,,,,,,
601541,2,,C,,,,,,,,,,,,,,,,,,
601541,4,,C,,,,,,,,,,,,,,,,,,
601541,8,,C,,,,,,,,,,,,,,,,,,
601561,3,,C,,,,,,,,,,,,,,,,,,
601572,1,,C,,,,,,,,,,,,,,,,,,
601580,13,,C,,,,,,,,,,,,,,,,,,
601583,14,,C,,,,,,,,,,,,,,,,,,
601583,11,,C,,,,,,,,,,,,,,,,,,
601583,10,,C,,,,,,,,,,,,,,,,,,
601587,6,,C,,,,,,,,,,,,,,,,,,
601587,7,,C,,,,,,,,,,,,,,,,,,
601589,2,,C,,,,,,,,,,,,,,,,,,
601590,4,,C,,,,,,,,,,,,,,,,,,
601590,1,,C,,,,,,,,,,,,,,,,,,
601590,0,,C,,,,,,,,,,,,,,,,,,
601591,9,,C,,,,,,,,,,,,,,,,,,
601591,8,,C,,,,,,,,,,,,,,,,,,
601596,2,,C,,,,,,,,,,,,,,,,,,
601601,0,,C,,,,,,,,,,,,,,,,,,
601605,14,,C,,,,,,,,,,,,,,,,,,
601608,1,,C,,,,,,,,,,,,,,,,,,
601611,10,,C,,,,,,,,,,,,,,,,,,
601612,8,,C,,,,,,,,,,,,,,,,,,
601612,5,,C,,,,,,,,,,,,,,,,,,
601622,21,,C,,,,,,,,,,,,,,,,,,
601622,22,,C,,,,,,,,,,,,,,,,,,
601631,3,,C,,,,,,,,,,,,,,,,,,
601634,8,,C,,,,,,,,,,,,,,,,,,
601634,12,,C,,,,,,,,,,,,,,,,,,
601635,25,,C,,,,,,,,,,,,,,,,,,
601635,9,,C,,,,,,,,,,,,,,,,,,
601639,0,,C,,,,,,,,,,,,,,,,,,
601643,5,,C,,,,,,,,,,,,,,,,,,
601643,0,,C,,,,,,,,,,,,,,,,,,
601648,1,,C,,,,,,,,,,,,,,,,,,
601651,29,,C,,,,,,,,,,,,,,,,,,
601651,14,,C,,,,,,,,,,,,,,,,,,
601651,8,,C,,,,,,,,,,,,,,,,,,
601653,1,,C,,,,,,,,,,,,,,,,,,
601653,0,,C,,,,,,,,,,,,,,,,,,
601653,2,,C,,,,,,,,,,,,,,,,,,
601654,8,,C,,,,,,,,,,,,,,,,,,
601654,15,,C,,,,,,,,,,,,,,,,,,
601654,16,,C,,,,,,,,,,,,,,,,,,
601654,6,,C,,,,,,,,,,,,,,,,,,
601654,19,,C,,,,,,,,,,,,,,,,,,
601657,20,,C,,,,,,,,,,,,,,,,,,
601659,1,,C,,,,,,,,,,,,,,,,,,
601667,5,,C,,,,,,,,,,,,,,,,,,
601667,16,,C,,,,,,,,,,,,,,,,,,
601667,20,,C,,,,,,,,,,,,,,,,,,
601678,2,,C,,,,,,,,,,,,,,,,,,
601678,12,,C,,,,,,,,,,,,,,,,,,
601678,10,,C,,,,,,,,,,,,,,,,,,
601679,33,,C,,,,,,,,,,,,,,,,,,
601683,6,,C,,,,,,,,,,,,,,,,,,
601692,31,,C,,,,,,,,,,,,,,,,,,
601692,26,,C,,,,,,,,,,,,,,,,,,
601692,9,,C,,,,,,,,,,,,,,,,,,
601697,8,,C,,,,,,,,,,,,,,,,,,
601698,4,,C,,,,,,,,,,,,,,,,,,
601698,1,,C,,,,,,,,,,,,,,,,,,
601698,3,,C,,,,,,,,,,,,,,,,,,
601703,8,,C,,,,,,,,,,,,,,,,,,
601703,14,,C,,,,,,,,,,,,,,,,,,
601703,9,,C,,,,,,,,,,,,,,,,,,
601703,10,,C,,,,,,,,,,,,,,,,,,
601710,3,,C,,,,,,,,,,,,,,,,,,
601710,0,,C,,,,,,,,,,,,,,,,,,
601710,1,,C,,,,,,,,,,,,,,,,,,
601717,14,,C,,,,,,,,,,,,,,,,,,
601718,8,,C,,,,,,,,,,,,,,,,,,
601719,24,,C,,,,,,,,,,,,,,,,,,
601739,7,,C,,,,,,,,,,,,,,,,,,
601745,41,,C,,,,,,,,,,,,,,,,,,
601753,22,,C,,,,,,,,,,,,,,,,,,
601753,9,,C,,,,,,,,,,,,,,,,,,
601760,11,,C,,,,,,,,,,,,,,,,,,
601760,10,,C,,,,,,,,,,,,,,,,,,
601761,1,,C,,,,,,,,,,,,,,,,,,
601765,34,,C,,,,,,,,,,,,,,,,,,
601768,22,,C,,,,,,,,,,,,,,,,,,
601768,17,,C,,,,,,,,,,,,,,,,,,
601782,19,,C,,,,,,,,,,,,,,,,,,
601782,0,,C,,,,,,,,,,,,,,,,,,
601788,66,,C,,,,,,,,,,,,,,,,,,
601798,1,,C,,,,,,,,,,,,,,,,,,
601804,2,,C,,,,,,,,,,,,,,,,,,
601806,1,,C,,,,,,,,,,,,,,,,,,
601806,0,,C,,,,,,,,,,,,,,,,,,
601806,4,,C,,,,,,,,,,,,,,,,,,
601806,7,,C,,,,,,,,,,,,,,,,,,
601806,5,,C,,,,,,,,,,,,,,,,,,
601806,3,,C,,,,,,,,,,,,,,,,,,
601806,2,,C,,,,,,,,,,,,,,,,,,
601807,15,,C,,,,,,,,,,,,,,,,,,
601807,8,,C,,,,,,,,,,,,,,,,,,
601807,10,,C,,,,,,,,,,,,,,,,,,
601808,37,,C,,,,,,,,,,,,,,,,,,
601808,7,,C,,,,,,,,,,,,,,,,,,
601809,5,,C,,,,,,,,,,,,,,,,,,
601809,6,,C,,,,,,,,,,,,,,,,,,
601809,18,,C,,,,,,,,,,,,,,,,,,
601819,0,,C,,,,,,,,,,,,,,,,,,
601819,2,,C,,,,,,,,,,,,,,,,,,
601822,3,,C,,,,,,,,,,,,,,,,,,
601822,4,,C,,,,,,,,,,,,,,,,,,
601822,2,,C,,,,,,,,,,,,,,,,,,
601822,5,,C,,,,,,,,,,,,,,,,,,
601822,1,,C,,,,,,,,,,,,,,,,,,
601822,9,,C,,,,,,,,,,,,,,,,,,
601822,7,,C,,,,,,,,,,,,,,,,,,
601823,20,,C,,,,,,,,,,,,,,,,,,
601823,18,,C,,,,,,,,,,,,,,,,,,
601833,2,,C,,,,,,,,,,,,,,,,,,
601852,8,,C,,,,,,,,,,,,,,,,,,
601855,20,,C,,,,,,,,,,,,,,,,,,
601855,5,,C,,,,,,,,,,,,,,,,,,
601855,26,,C,,,,,,,,,,,,,,,,,,
601855,7,,C,,,,,,,,,,,,,,,,,,
601855,3,,C,,,,,,,,,,,,,,,,,,
601863,3,,C,,,,,,,,,,,,,,,,,,
601865,17,,C,,,,,,,,,,,,,,,,,,
601865,30,,C,,,,,,,,,,,,,,,,,,
601865,12,,C,,,,,,,,,,,,,,,,,,
601866,1,,C,,,,,,,,,,,,,,,,,,
601866,3,,C,,,,,,,,,,,,,,,,,,
601866,0,,C,,,,,,,,,,,,,,,,,,
601866,4,,C,,,,,,,,,,,,,,,,,,
601876,2,,C,,,,,,,,,,,,,,,,,,
601877,12,,C,,,,,,,,,,,,,,,,,,
601877,28,,C,,,,,,,,,,,,,,,,,,
601896,17,,C,,,,,,,,,,,,,,,,,,
601896,20,,C,,,,,,,,,,,,,,,,,,
601896,10,,C,,,,,,,,,,,,,,,,,,
601896,14,,C,,,,,,,,,,,,,,,,,,
601896,7,,C,,,,,,,,,,,,,,,,,,
601896,5,,C,,,,,,,,,,,,,,,,,,
601896,2,,C,,,,,,,,,,,,,,,,,,
601901,0,,C,,,,,,,,,,,,,,,,,,
601902,1,,C,,,,,,,,,,,,,,,,,,
601902,6,,C,,,,,,,,,,,,,,,,,,
601902,2,,C,,,,,,,,,,,,,,,,,,
601902,18,,C,,,,,,,,,,,,,,,,,,
601902,15,,C,,,,,,,,,,,,,,,,,,
601902,3,,C,,,,,,,,,,,,,,,,,,
601902,9,,C,,,,,,,,,,,,,,,,,,
601904,8,,C,,,,,,,,,,,,,,,,,,
601906,44,,C,,,,,,,,,,,,,,,,,,
601906,40,,C,,,,,,,,,,,,,,,,,,
601906,15,,C,,,,,,,,,,,,,,,,,,
601906,28,,C,,,,,,,,,,,,,,,,,,
601906,33,,C,,,,,,,,,,,,,,,,,,
601906,10,,C,,,,,,,,,,,,,,,,,,
601917,9,,C,,,,,,,,,,,,,,,,,,
601917,10,,C,,,,,,,,,,,,,,,,,,
601917,24,,C,,,,,,,,,,,,,,,,,,
601917,5,,C,,,,,,,,,,,,,,,,,,
601924,3,,C,,,,,,,,,,,,,,,,,,
601931,7,,C,,,,,,,,,,,,,,,,,,
601931,27,,C,,,,,,,,,,,,,,,,,,
601931,4,,C,,,,,,,,,,,,,,,,,,
601931,6,,C,,,,,,,,,,,,,,,,,,
601932,47,,C,,,,,,,,,,,,,,,,,,
601932,66,,C,,,,,,,,,,,,,,,,,,
601932,58,,C,,,,,,,,,,,,,,,,,,
601932,38,,C,,,,,,,,,,,,,,,,,,
601932,64,,C,,,,,,,,,,,,,,,,,,
601952,26,,C,,,,,,,,,,,,,,,,,,
601952,21,,C,,,,,,,,,,,,,,,,,,
601952,14,,C,,,,,,,,,,,,,,,,,,
601952,18,,C,,,,,,,,,,,,,,,,,,
601956,0,,C,,,,,,,,,,,,,,,,,,
601956,2,,C,,,,,,,,,,,,,,,,,,
601960,2,,C,,,,,,,,,,,,,,,,,,
601963,6,,C,,,,,,,,,,,,,,,,,,
601963,20,,C,,,,,,,,,,,,,,,,,,
601963,2,,C,,,,,,,,,,,,,,,,,,
601969,3,,C,,,,,,,,,,,,,,,,,,
601969,8,,C,,,,,,,,,,,,,,,,,,
601969,10,,C,,,,,,,,,,,,,,,,,,
601969,1,,C,,,,,,,,,,,,,,,,,,
601972,11,,C,,,,,,,,,,,,,,,,,,
601972,15,,C,,,,,,,,,,,,,,,,,,
601972,10,,C,,,,,,,,,,,,,,,,,,
601983,12,,C,,,,,,,,,,,,,,,,,,
601987,2,,C,,,,,,,,,,,,,,,,,,
601987,0,,C,,,,,,,,,,,,,,,,,,
601990,18,,C,,,,,,,,,,,,,,,,,,
601990,17,,C,,,,,,,,,,,,,,,,,,
601990,19,,C,,,,,,,,,,,,,,,,,,
601999,16,,C,,,,,,,,,,,,,,,,,,
601999,17,,C,,,,,,,,,,,,,,,,,,
602001,6,,C,,,,,,,,,,,,,,,,,,
602001,5,,C,,,,,,,,,,,,,,,,,,
602007,30,,C,,,,,,,,,,,,,,,,,,
602007,9,,C,,,,,,,,,,,,,,,,,,
602010,10,,C,,,,,,,,,,,,,,,,,,
602010,16,,C,,,,,,,,,,,,,,,,,,
602013,2,,C,,,,,,,,,,,,,,,,,,
602013,1,,C,,,,,,,,,,,,,,,,,,
602014,13,,C,,,,,,,,,,,,,,,,,,
602014,16,,C,,,,,,,,,,,,,,,,,,
602014,4,,C,,,,,,,,,,,,,,,,,,
602014,22,,C,,,,,,,,,,,,,,,,,,
602014,3,,C,,,,,,,,,,,,,,,,,,
602014,5,,C,,,,,,,,,,,,,,,,,,
602016,0,,C,,,,,,,,,,,,,,,,,,
602016,4,,C,,,,,,,,,,,,,,,,,,
602017,34,,C,,,,,,,,,,,,,,,,,,
602020,4,,C,,,,,,,,,,,,,,,,,,
602020,2,,C,,,,,,,,,,,,,,,,,,
602020,0,,C,,,,,,,,,,,,,,,,,,
602022,0,,C,,,,,,,,,,,,,,,,,,
602022,2,,C,,,,,,,,,,,,,,,,,,
602022,1,,C,,,,,,,,,,,,,,,,,,
602030,36,,C,,,,,,,,,,,,,,,,,,
602030,10,,C,,,,,,,,,,,,,,,,,,
602030,5,,C,,,,,,,,,,,,,,,,,,
602030,41,,C,,,,,,,,,,,,,,,,,,
602032,0,,C,,,,,,,,,,,,,,,,,,
602032,2,,C,,,,,,,,,,,,,,,,,,
602032,1,,C,,,,,,,,,,,,,,,,,,
602033,0,,C,,,,,,,,,,,,,,,,,,
602034,0,,C,,,,,,,,,,,,,,,,,,
602037,0,,C,,,,,,,,,,,,,,,,,,
602038,0,,C,,,,,,,,,,,,,,,,,,
602038,1,,C,,,,,,,,,,,,,,,,,,
602047,24,,C,,,,,,,,,,,,,,,,,,
602047,23,,C,,,,,,,,,,,,,,,,,,
602047,18,,C,,,,,,,,,,,,,,,,,,
602047,16,,C,,,,,,,,,,,,,,,,,,
602047,14,,C,,,,,,,,,,,,,,,,,,
602047,17,,C,,,,,,,,,,,,,,,,,,
602047,19,,C,,,,,,,,,,,,,,,,,,
602047,25,,C,,,,,,,,,,,,,,,,,,
602047,22,,C,,,,,,,,,,,,,,,,,,
602047,15,,C,,,,,,,,,,,,,,,,,,
602052,8,,C,,,,,,,,,,,,,,,,,,
602053,18,,C,,,,,,,,,,,,,,,,,,
602053,42,,C,,,,,,,,,,,,,,,,,,
602054,8,,C,,,,,,,,,,,,,,,,,,
602071,8,,C,,,,,,,,,,,,,,,,,,
602071,15,,C,,,,,,,,,,,,,,,,,,
602071,59,,C,,,,,,,,,,,,,,,,,,
602071,38,,C,,,,,,,,,,,,,,,,,,
602071,45,,C,,,,,,,,,,,,,,,,,,
602071,41,,C,,,,,,,,,,,,,,,,,,
602071,19,,C,,,,,,,,,,,,,,,,,,
602074,45,,C,,,,,,,,,,,,,,,,,,
602074,57,,C,,,,,,,,,,,,,,,,,,
602083,35,,C,,,,,,,,,,,,,,,,,,
602083,40,,C,,,,,,,,,,,,,,,,,,
602083,32,,C,,,,,,,,,,,,,,,,,,
602084,19,,C,,,,,,,,,,,,,,,,,,
602084,20,,C,,,,,,,,,,,,,,,,,,
602084,17,,C,,,,,,,,,,,,,,,,,,
602086,8,,C,,,,,,,,,,,,,,,,,,
602100,14,,C,,,,,,,,,,,,,,,,,,
602100,28,,C,,,,,,,,,,,,,,,,,,
602104,2,,C,,,,,,,,,,,,,,,,,,
602105,0,,C,,,,,,,,,,,,,,,,,,
602105,7,,C,,,,,,,,,,,,,,,,,,
602105,4,,C,,,,,,,,,,,,,,,,,,
602107,17,,C,,,,,,,,,,,,,,,,,,
602107,23,,C,,,,,,,,,,,,,,,,,,
602108,4,,C,,,,,,,,,,,,,,,,,,
602112,11,,C,,,,,,,,,,,,,,,,,,
602112,7,,C,,,,,,,,,,,,,,,,,,
602113,24,,C,,,,,,,,,,,,,,,,,,
602113,28,,C,,,,,,,,,,,,,,,,,,
602113,33,,C,,,,,,,,,,,,,,,,,,
602133,20,,C,,,,,,,,,,,,,,,,,,
602136,0,,C,,,,,,,,,,,,,,,,,,
602136,1,,C,,,,,,,,,,,,,,,,,,
602136,4,,C,,,,,,,,,,,,,,,,,,
602150,3,,C,,,,,,,,,,,,,,,,,,
602155,1,,C,,,,,,,,,,,,,,,,,,
602155,3,,C,,,,,,,,,,,,,,,,,,
602155,2,,C,,,,,,,,,,,,,,,,,,
602158,33,,C,,,,,,,,,,,,,,,,,,
602158,28,,C,,,,,,,,,,,,,,,,,,
602161,1,,C,,,,,,,,,,,,,,,,,,
602170,16,,C,,,,,,,,,,,,,,,,,,
602170,40,,C,,,,,,,,,,,,,,,,,,
602170,43,,C,,,,,,,,,,,,,,,,,,
602170,20,,C,,,,,,,,,,,,,,,,,,
602171,52,,C,,,,,,,,,,,,,,,,,,
602173,1,,C,,,,,,,,,,,,,,,,,,
602183,2,,C,,,,,,,,,,,,,,,,,,
602184,12,,C,,,,,,,,,,,,,,,,,,
602184,14,,C,,,,,,,,,,,,,,,,,,
602184,11,,C,,,,,,,,,,,,,,,,,,
602192,0,,C,,,,,,,,,,,,,,,,,,
602194,6,,C,,,,,,,,,,,,,,,,,,
602194,25,,C,,,,,,,,,,,,,,,,,,
602195,50,,C,,,,,,,,,,,,,,,,,,
602195,42,,C,,,,,,,,,,,,,,,,,,
602195,37,,C,,,,,,,,,,,,,,,,,,
602195,18,,C,,,,,,,,,,,,,,,,,,
602195,21,,C,,,,,,,,,,,,,,,,,,
602204,26,,C,,,,,,,,,,,,,,,,,,
602204,19,,C,,,,,,,,,,,,,,,,,,
602204,23,,C,,,,,,,,,,,,,,,,,,
602205,28,,C,,,,,,,,,,,,,,,,,,
602214,11,,C,,,,,,,,,,,,,,,,,,
602222,8,,C,,,,,,,,,,,,,,,,,,
602223,23,,C,,,,,,,,,,,,,,,,,,
602231,0,,C,,,,,,,,,,,,,,,,,,
602236,11,,C,,,,,,,,,,,,,,,,,,
602236,30,,C,,,,,,,,,,,,,,,,,,
602236,14,,C,,,,,,,,,,,,,,,,,,
602239,2,,C,,,,,,,,,,,,,,,,,,
602239,6,,C,,,,,,,,,,,,,,,,,,
602240,4,,C,,,,,,,,,,,,,,,,,,
602250,2,,C,,,,,,,,,,,,,,,,,,
602250,3,,C,,,,,,,,,,,,,,,,,,
602252,5,,C,,,,,,,,,,,,,,,,,,
602253,4,,C,,,,,,,,,,,,,,,,,,
602253,7,,C,,,,,,,,,,,,,,,,,,
602256,7,,C,,,,,,,,,,,,,,,,,,
602256,5,,C,,,,,,,,,,,,,,,,,,
602256,6,,C,,,,,,,,,,,,,,,,,,
602261,17,,C,,,,,,,,,,,,,,,,,,
602265,29,,C,,,,,,,,,,,,,,,,,,
602266,13,,C,,,,,,,,,,,,,,,,,,
602266,10,,C,,,,,,,,,,,,,,,,,,
602266,7,,C,,,,,,,,,,,,,,,,,,
602266,0,,C,,,,,,,,,,,,,,,,,,
602269,29,,C,,,,,,,,,,,,,,,,,,
602269,18,,C,,,,,,,,,,,,,,,,,,
602269,43,,C,,,,,,,,,,,,,,,,,,
602269,51,,C,,,,,,,,,,,,,,,,,,
602269,40,,C,,,,,,,,,,,,,,,,,,
602271,10,,C,,,,,,,,,,,,,,,,,,
602272,0,,C,,,,,,,,,,,,,,,,,,
602272,1,,C,,,,,,,,,,,,,,,,,,
602273,22,,C,,,,,,,,,,,,,,,,,,
602273,23,,C,,,,,,,,,,,,,,,,,,
602273,4,,C,,,,,,,,,,,,,,,,,,
602273,16,,C,,,,,,,,,,,,,,,,,,
602273,0,,C,,,,,,,,,,,,,,,,,,
602273,31,,C,,,,,,,,,,,,,,,,,,
602273,10,,C,,,,,,,,,,,,,,,,,,
602273,9,,C,,,,,,,,,,,,,,,,,,
602273,19,,C,,,,,,,,,,,,,,,,,,
602280,1,,C,,,,,,,,,,,,,,,,,,
602281,0,,C,,,,,,,,,,,,,,,,,,
602291,36,,C,,,,,,,,,,,,,,,,,,
602291,6,,C,,,,,,,,,,,,,,,,,,
602291,17,,C,,,,,,,,,,,,,,,,,,
602295,9,,C,,,,,,,,,,,,,,,,,,
602298,1,,C,,,,,,,,,,,,,,,,,,
602299,35,,C,,,,,,,,,,,,,,,,,,
602299,37,,C,,,,,,,,,,,,,,,,,,
602299,34,,C,,,,,,,,,,,,,,,,,,
602299,36,,C,,,,,,,,,,,,,,,,,,
602299,43,,C,,,,,,,,,,,,,,,,,,
602299,30,,C,,,,,,,,,,,,,,,,,,
602301,1,,C,,,,,,,,,,,,,,,,,,
602301,7,,C,,,,,,,,,,,,,,,,,,
602301,4,,C,,,,,,,,,,,,,,,,,,
602301,5,,C,,,,,,,,,,,,,,,,,,
602312,10,,C,,,,,,,,,,,,,,,,,,
602312,11,,C,,,,,,,,,,,,,,,,,,
602312,12,,C,,,,,,,,,,,,,,,,,,
602313,0,,C,,,,,,,,,,,,,,,,,,
602316,1,,C,,,,,,,,,,,,,,,,,,
602316,2,,C,,,,,,,,,,,,,,,,,,
602318,11,,C,,,,,,,,,,,,,,,,,,
602318,17,,C,,,,,,,,,,,,,,,,,,
602320,5,,C,,,,,,,,,,,,,,,,,,
602320,0,,C,,,,,,,,,,,,,,,,,,
602320,8,,C,,,,,,,,,,,,,,,,,,
602322,9,,C,,,,,,,,,,,,,,,,,,
602322,7,,C,,,,,,,,,,,,,,,,,,
602322,10,,C,,,,,,,,,,,,,,,,,,
602322,13,,C,,,,,,,,,,,,,,,,,,
602322,14,,C,,,,,,,,,,,,,,,,,,
602325,0,,C,,,,,,,,,,,,,,,,,,
602327,0,,C,,,,,,,,,,,,,,,,,,
602328,8,,C,,,,,,,,,,,,,,,,,,
602328,9,,C,,,,,,,,,,,,,,,,,,
602328,13,,C,,,,,,,,,,,,,,,,,,
602328,11,,C,,,,,,,,,,,,,,,,,,
602328,5,,C,,,,,,,,,,,,,,,,,,
602332,1,,C,,,,,,,,,,,,,,,,,,
602332,5,,C,,,,,,,,,,,,,,,,,,
602332,2,,C,,,,,,,,,,,,,,,,,,
602332,3,,C,,,,,,,,,,,,,,,,,,
602332,0,,C,,,,,,,,,,,,,,,,,,
602336,31,,C,,,,,,,,,,,,,,,,,,
602337,26,,C,,,,,,,,,,,,,,,,,,
602337,38,,C,,,,,,,,,,,,,,,,,,
602337,35,,C,,,,,,,,,,,,,,,,,,
602343,5,,C,,,,,,,,,,,,,,,,,,
602344,3,,C,,,,,,,,,,,,,,,,,,
602344,1,,C,,,,,,,,,,,,,,,,,,
602345,5,,C,,,,,,,,,,,,,,,,,,
602348,18,,C,,,,,,,,,,,,,,,,,,
602348,12,,C,,,,,,,,,,,,,,,,,,
602348,29,,C,,,,,,,,,,,,,,,,,,
602350,1,,C,,,,,,,,,,,,,,,,,,
602353,51,,C,,,,,,,,,,,,,,,,,,
602353,18,,C,,,,,,,,,,,,,,,,,,
602353,47,,C,,,,,,,,,,,,,,,,,,
602356,0,,C,,,,,,,,,,,,,,,,,,
602356,3,,C,,,,,,,,,,,,,,,,,,
602361,27,,C,,,,,,,,,,,,,,,,,,
602361,19,,C,,,,,,,,,,,,,,,,,,
602361,20,,C,,,,,,,,,,,,,,,,,,
602361,23,,C,,,,,,,,,,,,,,,,,,
602361,12,,C,,,,,,,,,,,,,,,,,,
602363,0,,C,,,,,,,,,,,,,,,,,,
602366,2,,C,,,,,,,,,,,,,,,,,,
602368,13,,C,,,,,,,,,,,,,,,,,,
602370,12,,C,,,,,,,,,,,,,,,,,,
602371,42,,C,,,,,,,,,,,,,,,,,,
602373,1,,C,,,,,,,,,,,,,,,,,,
602373,11,,C,,,,,,,,,,,,,,,,,,
602376,23,,C,,,,,,,,,,,,,,,,,,
602376,8,,C,,,,,,,,,,,,,,,,,,
602377,31,,C,,,,,,,,,,,,,,,,,,
602377,4,,C,,,,,,,,,,,,,,,,,,
602377,30,,C,,,,,,,,,,,,,,,,,,
602377,9,,C,,,,,,,,,,,,,,,,,,
602377,11,,C,,,,,,,,,,,,,,,,,,
602377,19,,C,,,,,,,,,,,,,,,,,,
602378,0,,C,,,,,,,,,,,,,,,,,,
602380,31,,C,,,,,,,,,,,,,,,,,,
602380,30,,C,,,,,,,,,,,,,,,,,,
602380,2,,C,,,,,,,,,,,,,,,,,,
602384,5,,C,,,,,,,,,,,,,,,,,,
602384,1,,C,,,,,,,,,,,,,,,,,,
602384,12,,C,,,,,,,,,,,,,,,,,,
602384,3,,C,,,,,,,,,,,,,,,,,,
602384,7,,C,,,,,,,,,,,,,,,,,,
602387,6,,C,,,,,,,,,,,,,,,,,,
602390,16,,C,,,,,,,,,,,,,,,,,,
602390,0,,C,,,,,,,,,,,,,,,,,,
602390,5,,C,,,,,,,,,,,,,,,,,,
602390,2,,C,,,,,,,,,,,,,,,,,,
602390,3,,C,,,,,,,,,,,,,,,,,,
602391,8,,C,,,,,,,,,,,,,,,,,,
602393,19,,C,,,,,,,,,,,,,,,,,,
602393,45,,C,,,,,,,,,,,,,,,,,,
602393,0,,C,,,,,,,,,,,,,,,,,,
602393,5,,C,,,,,,,,,,,,,,,,,,
602393,52,,C,,,,,,,,,,,,,,,,,,
602393,34,,C,,,,,,,,,,,,,,,,,,
602393,24,,C,,,,,,,,,,,,,,,,,,
602395,20,,C,,,,,,,,,,,,,,,,,,
602395,17,,C,,,,,,,,,,,,,,,,,,
602398,1,,C,,,,,,,,,,,,,,,,,,
602398,15,,C,,,,,,,,,,,,,,,,,,
602398,10,,C,,,,,,,,,,,,,,,,,,
602398,13,,C,,,,,,,,,,,,,,,,,,
602400,2,,C,,,,,,,,,,,,,,,,,,
602400,6,,C,,,,,,,,,,,,,,,,,,
602400,1,,C,,,,,,,,,,,,,,,,,,
602400,4,,C,,,,,,,,,,,,,,,,,,
602400,5,,C,,,,,,,,,,,,,,,,,,
602400,3,,C,,,,,,,,,,,,,,,,,,
602400,0,,C,,,,,,,,,,,,,,,,,,
602401,2,,C,,,,,,,,,,,,,,,,,,
602401,0,,C,,,,,,,,,,,,,,,,,,
602403,9,,C,,,,,,,,,,,,,,,,,,
602403,7,,C,,,,,,,,,,,,,,,,,,
602403,14,,C,,,,,,,,,,,,,,,,,,
602411,9,,C,,,,,,,,,,,,,,,,,,
602411,11,,C,,,,,,,,,,,,,,,,,,
602414,2,,C,,,,,,,,,,,,,,,,,,
602414,11,,C,,,,,,,,,,,,,,,,,,
602414,13,,C,,,,,,,,,,,,,,,,,,
602415,4,,C,,,,,,,,,,,,,,,,,,
602417,11,,C,,,,,,,,,,,,,,,,,,
602417,7,,C,,,,,,,,,,,,,,,,,,
602417,2,,C,,,,,,,,,,,,,,,,,,
602417,14,,C,,,,,,,,,,,,,,,,,,
602417,3,,C,,,,,,,,,,,,,,,,,,
602417,16,,C,,,,,,,,,,,,,,,,,,
602417,1,,C,,,,,,,,,,,,,,,,,,
602417,9,,C,,,,,,,,,,,,,,,,,,
602419,1,,C,,,,,,,,,,,,,,,,,,
602419,0,,C,,,,,,,,,,,,,,,,,,
602421,15,,C,,,,,,,,,,,,,,,,,,
602421,6,,C,,,,,,,,,,,,,,,,,,
602421,3,,C,,,,,,,,,,,,,,,,,,
602422,4,,C,,,,,,,,,,,,,,,,,,
602422,7,,C,,,,,,,,,,,,,,,,,,
602422,9,,C,,,,,,,,,,,,,,,,,,
602422,12,,C,,,,,,,,,,,,,,,,,,
602422,5,,C,,,,,,,,,,,,,,,,,,
602422,8,,C,,,,,,,,,,,,,,,,,,
602422,10,,C,,,,,,,,,,,,,,,,,,
602422,13,,C,,,,,,,,,,,,,,,,,,
602423,25,,C,,,,,,,,,,,,,,,,,,
602423,1,,C,,,,,,,,,,,,,,,,,,
602423,21,,C,,,,,,,,,,,,,,,,,,
602423,13,,C,,,,,,,,,,,,,,,,,,
602423,12,,C,,,,,,,,,,,,,,,,,,
602426,35,,C,,,,,,,,,,,,,,,,,,
602426,6,,C,,,,,,,,,,,,,,,,,,
602426,30,,C,,,,,,,,,,,,,,,,,,
602426,29,,C,,,,,,,,,,,,,,,,,,
602426,22,,C,,,,,,,,,,,,,,,,,,
602426,36,,C,,,,,,,,,,,,,,,,,,
602426,10,,C,,,,,,,,,,,,,,,,,,
602426,2,,C,,,,,,,,,,,,,,,,,,
602426,7,,C,,,,,,,,,,,,,,,,,,
602426,3,,C,,,,,,,,,,,,,,,,,,
602426,0,,C,,,,,,,,,,,,,,,,,,
602426,11,,C,,,,,,,,,,,,,,,,,,
602426,33,,C,,,,,,,,,,,,,,,,,,
602426,21,,C,,,,,,,,,,,,,,,,,,
602427,7,,C,,,,,,,,,,,,,,,,,,
602427,2,,C,,,,,,,,,,,,,,,,,,
602428,24,,C,,,,,,,,,,,,,,,,,,
602428,12,,C,,,,,,,,,,,,,,,,,,
602428,4,,C,,,,,,,,,,,,,,,,,,
602428,10,,C,,,,,,,,,,,,,,,,,,
602428,14,,C,,,,,,,,,,,,,,,,,,
602429,17,,C,,,,,,,,,,,,,,,,,,
602429,15,,C,,,,,,,,,,,,,,,,,,
602429,24,,C,,,,,,,,,,,,,,,,,,
602429,14,,C,,,,,,,,,,,,,,,,,,
602429,19,,C,,,,,,,,,,,,,,,,,,
602429,22,,C,,,,,,,,,,,,,,,,,,
602429,6,,C,,,,,,,,,,,,,,,,,,
602429,12,,C,,,,,,,,,,,,,,,,,,
602429,23,,C,,,,,,,,,,,,,,,,,,
602434,6,,C,,,,,,,,,,,,,,,,,,
602434,1,,C,,,,,,,,,,,,,,,,,,
602434,4,,C,,,,,,,,,,,,,,,,,,
602437,0,,C,,,,,,,,,,,,,,,,,,
602438,4,,C,,,,,,,,,,,,,,,,,,
602438,1,,C,,,,,,,,,,,,,,,,,,
602438,3,,C,,,,,,,,,,,,,,,,,,
602442,9,,C,,,,,,,,,,,,,,,,,,
602442,40,,C,,,,,,,,,,,,,,,,,,
602442,39,,C,,,,,,,,,,,,,,,,,,
602442,37,,C,,,,,,,,,,,,,,,,,,
602442,22,,C,,,,,,,,,,,,,,,,,,
602442,13,,C,,,,,,,,,,,,,,,,,,
602442,14,,C,,,,,,,,,,,,,,,,,,
602442,24,,C,,,,,,,,,,,,,,,,,,
602442,8,,C,,,,,,,,,,,,,,,,,,
602442,3,,C,,,,,,,,,,,,,,,,,,
602442,23,,C,,,,,,,,,,,,,,,,,,
602442,7,,C,,,,,,,,,,,,,,,,,,
602442,26,,C,,,,,,,,,,,,,,,,,,
602442,32,,C,,,,,,,,,,,,,,,,,,
602442,11,,C,,,,,,,,,,,,,,,,,,
602442,25,,C,,,,,,,,,,,,,,,,,,
602442,16,,C,,,,,,,,,,,,,,,,,,
602442,35,,C,,,,,,,,,,,,,,,,,,
602442,38,,C,,,,,,,,,,,,,,,,,,
602442,36,,C,,,,,,,,,,,,,,,,,,
602443,39,,C,,,,,,,,,,,,,,,,,,
602443,2,,C,,,,,,,,,,,,,,,,,,
602443,11,,C,,,,,,,,,,,,,,,,,,
602443,27,,C,,,,,,,,,,,,,,,,,,
602443,26,,C,,,,,,,,,,,,,,,,,,
602443,43,,C,,,,,,,,,,,,,,,,,,
602443,17,,C,,,,,,,,,,,,,,,,,,
602443,40,,C,,,,,,,,,,,,,,,,,,
602443,41,,C,,,,,,,,,,,,,,,,,,
602443,36,,C,,,,,,,,,,,,,,,,,,
602443,0,,C,,,,,,,,,,,,,,,,,,
602443,42,,C,,,,,,,,,,,,,,,,,,
602443,37,,C,,,,,,,,,,,,,,,,,,
602443,14,,C,,,,,,,,,,,,,,,,,,
602443,28,,C,,,,,,,,,,,,,,,,,,
602443,16,,C,,,,,,,,,,,,,,,,,,
602446,45,,C,,,,,,,,,,,,,,,,,,
602446,33,,C,,,,,,,,,,,,,,,,,,
602446,29,,C,,,,,,,,,,,,,,,,,,
602446,32,,C,,,,,,,,,,,,,,,,,,
602447,6,,C,,,,,,,,,,,,,,,,,,
602447,3,,C,,,,,,,,,,,,,,,,,,
602447,0,,C,,,,,,,,,,,,,,,,,,
602450,1,,C,,,,,,,,,,,,,,,,,,
602450,0,,C,,,,,,,,,,,,,,,,,,
602450,8,,C,,,,,,,,,,,,,,,,,,
602450,4,,C,,,,,,,,,,,,,,,,,,
602451,0,,C,,,,,,,,,,,,,,,,,,
602454,11,,C,,,,,,,,,,,,,,,,,,
602454,0,,C,,,,,,,,,,,,,,,,,,
602454,10,,C,,,,,,,,,,,,,,,,,,
602454,12,,C,,,,,,,,,,,,,,,,,,
602454,6,,C,,,,,,,,,,,,,,,,,,
602455,1,,C,,,,,,,,,,,,,,,,,,
602455,23,,C,,,,,,,,,,,,,,,,,,
602455,12,,C,,,,,,,,,,,,,,,,,,
602455,14,,C,,,,,,,,,,,,,,,,,,
602455,25,,C,,,,,,,,,,,,,,,,,,
602455,10,,C,,,,,,,,,,,,,,,,,,
602455,17,,C,,,,,,,,,,,,,,,,,,
602455,4,,C,,,,,,,,,,,,,,,,,,
602455,18,,C,,,,,,,,,,,,,,,,,,
602456,0,,C,,,,,,,,,,,,,,,,,,
602456,11,,C,,,,,,,,,,,,,,,,,,
602456,17,,C,,,,,,,,,,,,,,,,,,
602456,44,,C,,,,,,,,,,,,,,,,,,
602456,9,,C,,,,,,,,,,,,,,,,,,
602456,40,,C,,,,,,,,,,,,,,,,,,
602456,38,,C,,,,,,,,,,,,,,,,,,
602456,4,,C,,,,,,,,,,,,,,,,,,
602456,42,,C,,,,,,,,,,,,,,,,,,
602456,34,,C,,,,,,,,,,,,,,,,,,
602457,2,,C,,,,,,,,,,,,,,,,,,
602462,6,,C,,,,,,,,,,,,,,,,,,
602462,9,,C,,,,,,,,,,,,,,,,,,
602462,7,,C,,,,,,,,,,,,,,,,,,
602462,10,,C,,,,,,,,,,,,,,,,,,
602462,2,,C,,,,,,,,,,,,,,,,,,
602465,0,,C,,,,,,,,,,,,,,,,,,
602465,3,,C,,,,,,,,,,,,,,,,,,
602470,5,,C,,,,,,,,,,,,,,,,,,
602470,4,,C,,,,,,,,,,,,,,,,,,
602470,1,,C,,,,,,,,,,,,,,,,,,
602479,2,,C,,,,,,,,,,,,,,,,,,
602479,20,,C,,,,,,,,,,,,,,,,,,
602479,6,,C,,,,,,,,,,,,,,,,,,
602479,0,,C,,,,,,,,,,,,,,,,,,
602479,19,,C,,,,,,,,,,,,,,,,,,
602490,3,,C,,,,,,,,,,,,,,,,,,
602494,25,,C,,,,,,,,,,,,,,,,,,
602494,17,,C,,,,,,,,,,,,,,,,,,
602494,26,,C,,,,,,,,,,,,,,,,,,
602494,19,,C,,,,,,,,,,,,,,,,,,
602494,23,,C,,,,,,,,,,,,,,,,,,
602494,18,,C,,,,,,,,,,,,,,,,,,
602497,3,,C,,,,,,,,,,,,,,,,,,
602498,17,,C,,,,,,,,,,,,,,,,,,
602498,23,,C,,,,,,,,,,,,,,,,,,
602498,19,,C,,,,,,,,,,,,,,,,,,
602498,18,,C,,,,,,,,,,,,,,,,,,
602498,21,,C,,,,,,,,,,,,,,,,,,
602498,16,,C,,,,,,,,,,,,,,,,,,
602501,25,,C,,,,,,,,,,,,,,,,,,
602501,12,,C,,,,,,,,,,,,,,,,,,
602501,11,,C,,,,,,,,,,,,,,,,,,
602501,9,,C,,,,,,,,,,,,,,,,,,
602502,32,,C,,,,,,,,,,,,,,,,,,
602502,27,,C,,,,,,,,,,,,,,,,,,
602502,26,,C,,,,,,,,,,,,,,,,,,
602502,31,,C,,,,,,,,,,,,,,,,,,
602502,35,,C,,,,,,,,,,,,,,,,,,
602502,28,,C,,,,,,,,,,,,,,,,,,
602502,33,,C,,,,,,,,,,,,,,,,,,
602502,29,,C,,,,,,,,,,,,,,,,,,
602502,36,,C,,,,,,,,,,,,,,,,,,
602502,30,,C,,,,,,,,,,,,,,,,,,
602502,34,,C,,,,,,,,,,,,,,,,,,
602503,2,,C,,,,,,,,,,,,,,,,,,
602508,20,,C,,,,,,,,,,,,,,,,,,
602508,31,,C,,,,,,,,,,,,,,,,,,
602508,30,,C,,,,,,,,,,,,,,,,,,
602508,10,,C,,,,,,,,,,,,,,,,,,
602509,5,,C,,,,,,,,,,,,,,,,,,
602510,1,,C,,,,,,,,,,,,,,,,,,
602510,7,,C,,,,,,,,,,,,,,,,,,
602510,6,,C,,,,,,,,,,,,,,,,,,
602510,2,,C,,,,,,,,,,,,,,,,,,
602513,24,,C,,,,,,,,,,,,,,,,,,
602513,1,,C,,,,,,,,,,,,,,,,,,
602513,15,,C,,,,,,,,,,,,,,,,,,
602514,0,,C,,,,,,,,,,,,,,,,,,
602515,11,,C,,,,,,,,,,,,,,,,,,
602515,8,,C,,,,,,,,,,,,,,,,,,
602515,43,,C,,,,,,,,,,,,,,,,,,
602516,20,,C,,,,,,,,,,,,,,,,,,
602516,5,,C,,,,,,,,,,,,,,,,,,
602517,1,,C,,,,,,,,,,,,,,,,,,
602517,6,,C,,,,,,,,,,,,,,,,,,
602517,2,,C,,,,,,,,,,,,,,,,,,
602521,4,,C,,,,,,,,,,,,,,,,,,
602521,9,,C,,,,,,,,,,,,,,,,,,
602525,3,,C,,,,,,,,,,,,,,,,,,
602525,10,,C,,,,,,,,,,,,,,,,,,
602530,10,,C,,,,,,,,,,,,,,,,,,
602534,4,,C,,,,,,,,,,,,,,,,,,
602534,7,,C,,,,,,,,,,,,,,,,,,
602534,13,,C,,,,,,,,,,,,,,,,,,
602540,4,,C,,,,,,,,,,,,,,,,,,
602540,5,,C,,,,,,,,,,,,,,,,,,
602547,32,,C,,,,,,,,,,,,,,,,,,
602547,22,,C,,,,,,,,,,,,,,,,,,
602547,0,,C,,,,,,,,,,,,,,,,,,
602547,11,,C,,,,,,,,,,,,,,,,,,
602547,7,,C,,,,,,,,,,,,,,,,,,
602547,41,,C,,,,,,,,,,,,,,,,,,
602547,34,,C,,,,,,,,,,,,,,,,,,
602547,25,,C,,,,,,,,,,,,,,,,,,
602547,20,,C,,,,,,,,,,,,,,,,,,
602547,33,,C,,,,,,,,,,,,,,,,,,
602547,10,,C,,,,,,,,,,,,,,,,,,
602547,39,,C,,,,,,,,,,,,,,,,,,
602547,40,,C,,,,,,,,,,,,,,,,,,
602547,28,,C,,,,,,,,,,,,,,,,,,
602548,16,,C,,,,,,,,,,,,,,,,,,
602548,14,,C,,,,,,,,,,,,,,,,,,
602548,9,,C,,,,,,,,,,,,,,,,,,
602548,8,,C,,,,,,,,,,,,,,,,,,
602548,4,,C,,,,,,,,,,,,,,,,,,
602548,3,,C,,,,,,,,,,,,,,,,,,
602549,3,,C,,,,,,,,,,,,,,,,,,
602549,2,,C,,,,,,,,,,,,,,,,,,
602550,17,,C,,,,,,,,,,,,,,,,,,
602550,18,,C,,,,,,,,,,,,,,,,,,
602553,0,,C,,,,,,,,,,,,,,,,,,
602553,1,,C,,,,,,,,,,,,,,,,,,
602553,5,,C,,,,,,,,,,,,,,,,,,
602554,18,,C,,,,,,,,,,,,,,,,,,
602554,17,,C,,,,,,,,,,,,,,,,,,
602554,21,,C,,,,,,,,,,,,,,,,,,
602554,19,,C,,,,,,,,,,,,,,,,,,
602556,3,,C,,,,,,,,,,,,,,,,,,
602556,1,,C,,,,,,,,,,,,,,,,,,
602561,7,,C,,,,,,,,,,,,,,,,,,
602561,6,,C,,,,,,,,,,,,,,,,,,
602561,8,,C,,,,,,,,,,,,,,,,,,
602561,0,,C,,,,,,,,,,,,,,,,,,
602563,15,,C,,,,,,,,,,,,,,,,,,
602563,20,,C,,,,,,,,,,,,,,,,,,
602563,14,,C,,,,,,,,,,,,,,,,,,
602563,22,,C,,,,,,,,,,,,,,,,,,
602563,16,,C,,,,,,,,,,,,,,,,,,
602564,25,,C,,,,,,,,,,,,,,,,,,
602564,2,,C,,,,,,,,,,,,,,,,,,
602564,0,,C,,,,,,,,,,,,,,,,,,
602564,19,,C,,,,,,,,,,,,,,,,,,
602564,29,,C,,,,,,,,,,,,,,,,,,
602564,32,,C,,,,,,,,,,,,,,,,,,
602564,13,,C,,,,,,,,,,,,,,,,,,
602564,39,,C,,,,,,,,,,,,,,,,,,
602564,17,,C,,,,,,,,,,,,,,,,,,
602564,44,,C,,,,,,,,,,,,,,,,,,
602564,10,,C,,,,,,,,,,,,,,,,,,
602564,18,,C,,,,,,,,,,,,,,,,,,
602564,3,,C,,,,,,,,,,,,,,,,,,
602565,2,,C,,,,,,,,,,,,,,,,,,
602565,27,,C,,,,,,,,,,,,,,,,,,
602565,20,,C,,,,,,,,,,,,,,,,,,
602565,19,,C,,,,,,,,,,,,,,,,,,
602568,1,,C,,,,,,,,,,,,,,,,,,
602568,4,,C,,,,,,,,,,,,,,,,,,
602573,3,,C,,,,,,,,,,,,,,,,,,
602573,25,,C,,,,,,,,,,,,,,,,,,
602573,22,,C,,,,,,,,,,,,,,,,,,
602573,20,,C,,,,,,,,,,,,,,,,,,
602574,6,,C,,,,,,,,,,,,,,,,,,
602575,12,,C,,,,,,,,,,,,,,,,,,
602577,20,,C,,,,,,,,,,,,,,,,,,
602577,18,,C,,,,,,,,,,,,,,,,,,
602577,14,,C,,,,,,,,,,,,,,,,,,
602577,17,,C,,,,,,,,,,,,,,,,,,
602577,24,,C,,,,,,,,,,,,,,,,,,
602577,19,,C,,,,,,,,,,,,,,,,,,
602577,25,,C,,,,,,,,,,,,,,,,,,
602577,22,,C,,,,,,,,,,,,,,,,,,
602580,4,,C,,,,,,,,,,,,,,,,,,
602580,0,,C,,,,,,,,,,,,,,,,,,
602580,3,,C,,,,,,,,,,,,,,,,,,
602589,20,,C,,,,,,,,,,,,,,,,,,
602589,24,,C,,,,,,,,,,,,,,,,,,
602589,14,,C,,,,,,,,,,,,,,,,,,
602589,23,,C,,,,,,,,,,,,,,,,,,
602589,11,,C,,,,,,,,,,,,,,,,,,
602589,18,,C,,,,,,,,,,,,,,,,,,
602589,15,,C,,,,,,,,,,,,,,,,,,
602589,16,,C,,,,,,,,,,,,,,,,,,
602589,10,,C,,,,,,,,,,,,,,,,,,
602591,0,,C,,,,,,,,,,,,,,,,,,
602591,7,,C,,,,,,,,,,,,,,,,,,
602591,4,,C,,,,,,,,,,,,,,,,,,
602591,8,,C,,,,,,,,,,,,,,,,,,
602591,3,,C,,,,,,,,,,,,,,,,,,
602595,18,,C,,,,,,,,,,,,,,,,,,
602595,25,,C,,,,,,,,,,,,,,,,,,
602595,17,,C,,,,,,,,,,,,,,,,,,
602595,33,,C,,,,,,,,,,,,,,,,,,
602595,37,,C,,,,,,,,,,,,,,,,,,
602597,8,,C,,,,,,,,,,,,,,,,,,
602597,12,,C,,,,,,,,,,,,,,,,,,
602597,11,,C,,,,,,,,,,,,,,,,,,
602597,1,,C,,,,,,,,,,,,,,,,,,
602597,7,,C,,,,,,,,,,,,,,,,,,
602598,10,,C,,,,,,,,,,,,,,,,,,
602598,14,,C,,,,,,,,,,,,,,,,,,
602598,13,,C,,,,,,,,,,,,,,,,,,
602612,20,,C,,,,,,,,,,,,,,,,,,
602612,19,,C,,,,,,,,,,,,,,,,,,
602612,22,,C,,,,,,,,,,,,,,,,,,
602612,21,,C,,,,,,,,,,,,,,,,,,
602612,24,,C,,,,,,,,,,,,,,,,,,
602612,26,,C,,,,,,,,,,,,,,,,,,
602612,18,,C,,,,,,,,,,,,,,,,,,
602612,23,,C,,,,,,,,,,,,,,,,,,
602612,16,,C,,,,,,,,,,,,,,,,,,
602612,25,,C,,,,,,,,,,,,,,,,,,
602615,5,,C,,,,,,,,,,,,,,,,,,
602615,3,,C,,,,,,,,,,,,,,,,,,
602615,2,,C,,,,,,,,,,,,,,,,,,
602615,0,,C,,,,,,,,,,,,,,,,,,
602615,1,,C,,,,,,,,,,,,,,,,,,
602615,6,,C,,,,,,,,,,,,,,,,,,
602615,4,,C,,,,,,,,,,,,,,,,,,
602615,7,,C,,,,,,,,,,,,,,,,,,
602619,8,,C,,,,,,,,,,,,,,,,,,
602619,23,,C,,,,,,,,,,,,,,,,,,
602619,16,,C,,,,,,,,,,,,,,,,,,
602619,2,,C,,,,,,,,,,,,,,,,,,
602619,17,,C,,,,,,,,,,,,,,,,,,
602619,9,,C,,,,,,,,,,,,,,,,,,
602619,0,,C,,,,,,,,,,,,,,,,,,
602619,25,,C,,,,,,,,,,,,,,,,,,
602619,21,,C,,,,,,,,,,,,,,,,,,
602619,24,,C,,,,,,,,,,,,,,,,,,
602620,6,,C,,,,,,,,,,,,,,,,,,
602620,5,,C,,,,,,,,,,,,,,,,,,
602620,7,,C,,,,,,,,,,,,,,,,,,
602620,3,,C,,,,,,,,,,,,,,,,,,
602622,8,,C,,,,,,,,,,,,,,,,,,
602622,13,,C,,,,,,,,,,,,,,,,,,
602622,7,,C,,,,,,,,,,,,,,,,,,
602622,14,,C,,,,,,,,,,,,,,,,,,
602622,6,,C,,,,,,,,,,,,,,,,,,
602622,20,,C,,,,,,,,,,,,,,,,,,
602622,11,,C,,,,,,,,,,,,,,,,,,
602622,18,,C,,,,,,,,,,,,,,,,,,
602628,10,,C,,,,,,,,,,,,,,,,,,
602632,17,,C,,,,,,,,,,,,,,,,,,
602632,23,,C,,,,,,,,,,,,,,,,,,
602632,25,,C,,,,,,,,,,,,,,,,,,
602632,29,,C,,,,,,,,,,,,,,,,,,
602632,20,,C,,,,,,,,,,,,,,,,,,
602632,18,,C,,,,,,,,,,,,,,,,,,
602632,24,,C,,,,,,,,,,,,,,,,,,
602632,27,,C,,,,,,,,,,,,,,,,,,
602632,19,,C,,,,,,,,,,,,,,,,,,
602633,2,,C,,,,,,,,,,,,,,,,,,
602635,9,,C,,,,,,,,,,,,,,,,,,
602635,11,,C,,,,,,,,,,,,,,,,,,
602639,7,,C,,,,,,,,,,,,,,,,,,
602639,1,,C,,,,,,,,,,,,,,,,,,
602641,42,,C,,,,,,,,,,,,,,,,,,
602641,32,,C,,,,,,,,,,,,,,,,,,
602641,40,,C,,,,,,,,,,,,,,,,,,
602641,9,,C,,,,,,,,,,,,,,,,,,
602641,10,,C,,,,,,,,,,,,,,,,,,
602641,23,,C,,,,,,,,,,,,,,,,,,
602641,26,,C,,,,,,,,,,,,,,,,,,
602641,27,,C,,,,,,,,,,,,,,,,,,
602641,29,,C,,,,,,,,,,,,,,,,,,
602641,22,,C,,,,,,,,,,,,,,,,,,
602641,14,,C,,,,,,,,,,,,,,,,,,
602641,0,,C,,,,,,,,,,,,,,,,,,
602641,30,,C,,,,,,,,,,,,,,,,,,
602641,15,,C,,,,,,,,,,,,,,,,,,
602641,7,,C,,,,,,,,,,,,,,,,,,
602641,19,,C,,,,,,,,,,,,,,,,,,
602641,36,,C,,,,,,,,,,,,,,,,,,
602641,31,,C,,,,,,,,,,,,,,,,,,
602641,43,,C,,,,,,,,,,,,,,,,,,
602641,25,,C,,,,,,,,,,,,,,,,,,
602641,28,,C,,,,,,,,,,,,,,,,,,
602652,17,,C,,,,,,,,,,,,,,,,,,
602652,21,,C,,,,,,,,,,,,,,,,,,
602652,23,,C,,,,,,,,,,,,,,,,,,
602652,27,,C,,,,,,,,,,,,,,,,,,
602652,20,,C,,,,,,,,,,,,,,,,,,
602652,28,,C,,,,,,,,,,,,,,,,,,
602652,15,,C,,,,,,,,,,,,,,,,,,
602652,18,,C,,,,,,,,,,,,,,,,,,
602653,7,,C,,,,,,,,,,,,,,,,,,
602653,4,,C,,,,,,,,,,,,,,,,,,
602661,18,,C,,,,,,,,,,,,,,,,,,
602661,19,,C,,,,,,,,,,,,,,,,,,
602661,20,,C,,,,,,,,,,,,,,,,,,
602661,27,,C,,,,,,,,,,,,,,,,,,
602661,32,,C,,,,,,,,,,,,,,,,,,
602661,23,,C,,,,,,,,,,,,,,,,,,
602661,29,,C,,,,,,,,,,,,,,,,,,
602667,37,,C,,,,,,,,,,,,,,,,,,
602667,5,,C,,,,,,,,,,,,,,,,,,
602667,24,,C,,,,,,,,,,,,,,,,,,
602667,12,,C,,,,,,,,,,,,,,,,,,
602667,36,,C,,,,,,,,,,,,,,,,,,
602668,8,,C,,,,,,,,,,,,,,,,,,
602668,10,,C,,,,,,,,,,,,,,,,,,
602669,25,,C,,,,,,,,,,,,,,,,,,
602669,12,,C,,,,,,,,,,,,,,,,,,
602669,9,,C,,,,,,,,,,,,,,,,,,
602670,7,,C,,,,,,,,,,,,,,,,,,
602670,9,,C,,,,,,,,,,,,,,,,,,
602670,6,,C,,,,,,,,,,,,,,,,,,
602673,5,,C,,,,,,,,,,,,,,,,,,
602673,4,,C,,,,,,,,,,,,,,,,,,
602673,3,,C,,,,,,,,,,,,,,,,,,
602673,0,,C,,,,,,,,,,,,,,,,,,
602674,1,,C,,,,,,,,,,,,,,,,,,
602676,10,,C,,,,,,,,,,,,,,,,,,
602676,7,,C,,,,,,,,,,,,,,,,,,
602676,5,,C,,,,,,,,,,,,,,,,,,
602676,8,,C,,,,,,,,,,,,,,,,,,
602683,13,,C,,,,,,,,,,,,,,,,,,
602683,6,,C,,,,,,,,,,,,,,,,,,
602690,7,,C,,,,,,,,,,,,,,,,,,
602690,15,,C,,,,,,,,,,,,,,,,,,
602690,0,,C,,,,,,,,,,,,,,,,,,
602695,8,,C,,,,,,,,,,,,,,,,,,
602703,1,,C,,,,,,,,,,,,,,,,,,
602706,9,,C,,,,,,,,,,,,,,,,,,
602706,6,,C,,,,,,,,,,,,,,,,,,
602706,8,,C,,,,,,,,,,,,,,,,,,
602706,2,,C,,,,,,,,,,,,,,,,,,
602722,5,,C,,,,,,,,,,,,,,,,,,
602723,6,,C,,,,,,,,,,,,,,,,,,
602723,11,,C,,,,,,,,,,,,,,,,,,
602723,9,,C,,,,,,,,,,,,,,,,,,
602724,26,,C,,,,,,,,,,,,,,,,,,
602724,14,,C,,,,,,,,,,,,,,,,,,
602724,19,,C,,,,,,,,,,,,,,,,,,
602724,10,,C,,,,,,,,,,,,,,,,,,
602724,8,,C,,,,,,,,,,,,,,,,,,
602724,3,,C,,,,,,,,,,,,,,,,,,
602725,10,,C,,,,,,,,,,,,,,,,,,
602725,6,,C,,,,,,,,,,,,,,,,,,
602725,4,,C,,,,,,,,,,,,,,,,,,
602725,19,,C,,,,,,,,,,,,,,,,,,
602725,15,,C,,,,,,,,,,,,,,,,,,
602726,27,,C,,,,,,,,,,,,,,,,,,
602726,15,,C,,,,,,,,,,,,,,,,,,
602730,4,,C,,,,,,,,,,,,,,,,,,
602730,8,,C,,,,,,,,,,,,,,,,,,
602730,9,,C,,,,,,,,,,,,,,,,,,
602730,5,,C,,,,,,,,,,,,,,,,,,
602730,3,,C,,,,,,,,,,,,,,,,,,
602734,13,,C,,,,,,,,,,,,,,,,,,
602734,1,,C,,,,,,,,,,,,,,,,,,
602734,30,,C,,,,,,,,,,,,,,,,,,
602734,8,,C,,,,,,,,,,,,,,,,,,
602734,10,,C,,,,,,,,,,,,,,,,,,
602739,16,,C,,,,,,,,,,,,,,,,,,
602739,18,,C,,,,,,,,,,,,,,,,,,
602740,6,,C,,,,,,,,,,,,,,,,,,
602740,7,,C,,,,,,,,,,,,,,,,,,
602747,4,,C,,,,,,,,,,,,,,,,,,
602750,7,,C,,,,,,,,,,,,,,,,,,
602750,3,,C,,,,,,,,,,,,,,,,,,
602751,19,,C,,,,,,,,,,,,,,,,,,
602751,13,,C,,,,,,,,,,,,,,,,,,
602751,3,,C,,,,,,,,,,,,,,,,,,
602751,8,,C,,,,,,,,,,,,,,,,,,
602751,25,,C,,,,,,,,,,,,,,,,,,
602751,38,,C,,,,,,,,,,,,,,,,,,
602751,20,,C,,,,,,,,,,,,,,,,,,
602754,1,,C,,,,,,,,,,,,,,,,,,
602754,12,,C,,,,,,,,,,,,,,,,,,
602754,6,,C,,,,,,,,,,,,,,,,,,
602754,5,,C,,,,,,,,,,,,,,,,,,
602755,16,,C,,,,,,,,,,,,,,,,,,
602755,17,,C,,,,,,,,,,,,,,,,,,
602757,5,,C,,,,,,,,,,,,,,,,,,
602757,6,,C,,,,,,,,,,,,,,,,,,
602758,20,,C,,,,,,,,,,,,,,,,,,
602758,19,,C,,,,,,,,,,,,,,,,,,
602759,16,,C,,,,,,,,,,,,,,,,,,
602759,10,,C,,,,,,,,,,,,,,,,,,
602762,0,,C,,,,,,,,,,,,,,,,,,
602778,19,,C,,,,,,,,,,,,,,,,,,
602778,7,,C,,,,,,,,,,,,,,,,,,
602778,9,,C,,,,,,,,,,,,,,,,,,
602778,24,,C,,,,,,,,,,,,,,,,,,
602783,6,,C,,,,,,,,,,,,,,,,,,
602785,10,,C,,,,,,,,,,,,,,,,,,
602785,19,,C,,,,,,,,,,,,,,,,,,
602785,16,,C,,,,,,,,,,,,,,,,,,
602794,5,,C,,,,,,,,,,,,,,,,,,
602794,8,,C,,,,,,,,,,,,,,,,,,
602794,17,,C,,,,,,,,,,,,,,,,,,
602794,31,,C,,,,,,,,,,,,,,,,,,
602799,5,,C,,,,,,,,,,,,,,,,,,
602799,4,,C,,,,,,,,,,,,,,,,,,
602803,2,,C,,,,,,,,,,,,,,,,,,
602804,10,,C,,,,,,,,,,,,,,,,,,
602804,2,,C,,,,,,,,,,,,,,,,,,
602804,8,,C,,,,,,,,,,,,,,,,,,
602809,1,,C,,,,,,,,,,,,,,,,,,
602809,4,,C,,,,,,,,,,,,,,,,,,
602811,12,,C,,,,,,,,,,,,,,,,,,
602812,21,,C,,,,,,,,,,,,,,,,,,
602812,3,,C,,,,,,,,,,,,,,,,,,
602813,7,,C,,,,,,,,,,,,,,,,,,
602813,16,,C,,,,,,,,,,,,,,,,,,
602821,1,,C,,,,,,,,,,,,,,,,,,
602822,0,,C,,,,,,,,,,,,,,,,,,
602824,2,,C,,,,,,,,,,,,,,,,,,
602826,2,,C,,,,,,,,,,,,,,,,,,
602826,3,,C,,,,,,,,,,,,,,,,,,
602828,8,,C,,,,,,,,,,,,,,,,,,
602829,36,,C,,,,,,,,,,,,,,,,,,
602829,9,,C,,,,,,,,,,,,,,,,,,
602829,7,,C,,,,,,,,,,,,,,,,,,
602836,17,,C,,,,,,,,,,,,,,,,,,
602837,11,,C,,,,,,,,,,,,,,,,,,
602837,4,,C,,,,,,,,,,,,,,,,,,
602837,5,,C,,,,,,,,,,,,,,,,,,
602839,13,,C,,,,,,,,,,,,,,,,,,
602839,10,,C,,,,,,,,,,,,,,,,,,
602839,15,,C,,,,,,,,,,,,,,,,,,
602839,5,,C,,,,,,,,,,,,,,,,,,
602839,7,,C,,,,,,,,,,,,,,,,,,
602840,3,,C,,,,,,,,,,,,,,,,,,
602840,10,,C,,,,,,,,,,,,,,,,,,
602840,5,,C,,,,,,,,,,,,,,,,,,
602840,15,,C,,,,,,,,,,,,,,,,,,
602840,7,,C,,,,,,,,,,,,,,,,,,
602840,32,,C,,,,,,,,,,,,,,,,,,
602851,1,,C,,,,,,,,,,,,,,,,,,
602851,5,,C,,,,,,,,,,,,,,,,,,
602851,3,,C,,,,,,,,,,,,,,,,,,
602852,3,,C,,,,,,,,,,,,,,,,,,
602854,5,,C,,,,,,,,,,,,,,,,,,
602856,7,,C,,,,,,,,,,,,,,,,,,
602856,4,,C,,,,,,,,,,,,,,,,,,
602856,12,,C,,,,,,,,,,,,,,,,,,
602856,2,,C,,,,,,,,,,,,,,,,,,
602856,6,,C,,,,,,,,,,,,,,,,,,
602858,6,,C,,,,,,,,,,,,,,,,,,
602860,5,,C,,,,,,,,,,,,,,,,,,
602860,11,,C,,,,,,,,,,,,,,,,,,
602860,23,,C,,,,,,,,,,,,,,,,,,
602860,8,,C,,,,,,,,,,,,,,,,,,
602860,22,,C,,,,,,,,,,,,,,,,,,
602860,44,,C,,,,,,,,,,,,,,,,,,
602860,38,,C,,,,,,,,,,,,,,,,,,
602860,14,,C,,,,,,,,,,,,,,,,,,
602864,1,,C,,,,,,,,,,,,,,,,,,
602865,1,,C,,,,,,,,,,,,,,,,,,
602865,6,,C,,,,,,,,,,,,,,,,,,
602866,6,,C,,,,,,,,,,,,,,,,,,
602866,13,,C,,,,,,,,,,,,,,,,,,
602868,57,,C,,,,,,,,,,,,,,,,,,
602868,4,,C,,,,,,,,,,,,,,,,,,
602868,34,,C,,,,,,,,,,,,,,,,,,
602868,14,,C,,,,,,,,,,,,,,,,,,
602868,55,,C,,,,,,,,,,,,,,,,,,
602868,16,,C,,,,,,,,,,,,,,,,,,
602868,0,,C,,,,,,,,,,,,,,,,,,
602868,43,,C,,,,,,,,,,,,,,,,,,
602868,38,,C,,,,,,,,,,,,,,,,,,
602873,7,,C,,,,,,,,,,,,,,,,,,
602873,4,,C,,,,,,,,,,,,,,,,,,
602878,4,,C,,,,,,,,,,,,,,,,,,
602878,26,,C,,,,,,,,,,,,,,,,,,
602878,18,,C,,,,,,,,,,,,,,,,,,
602878,13,,C,,,,,,,,,,,,,,,,,,
602880,10,,C,,,,,,,,,,,,,,,,,,
602881,9,,C,,,,,,,,,,,,,,,,,,
602888,1,,C,,,,,,,,,,,,,,,,,,
602888,0,,C,,,,,,,,,,,,,,,,,,
700003,1,,C,,,,,,,,,,,,,,,,,,
700003,6,,C,,,,,,,,,,,,,,,,,,
700003,2,,C,,,,,,,,,,,,,,,,,,
700003,0,,C,,,,,,,,,,,,,,,,,,
602898,1,,C,,,,,,,,,,,,,,,,,,
700005,4,,C,,,,,,,,,,,,,,,,,,
700005,0,,C,,,,,,,,,,,,,,,,,,
700006,16,,C,,,,,,,,,,,,,,,,,,
700006,10,,C,,,,,,,,,,,,,,,,,,
700007,16,,C,,,,,,,,,,,,,,,,,,
700008,8,,C,,,,,,,,,,,,,,,,,,
700008,1,,C,,,,,,,,,,,,,,,,,,
700008,10,,C,,,,,,,,,,,,,,,,,,
700008,6,,C,,,,,,,,,,,,,,,,,,
700008,3,,C,,,,,,,,,,,,,,,,,,
700010,4,,C,,,,,,,,,,,,,,,,,,
700010,5,,C,,,,,,,,,,,,,,,,,,
700010,2,,C,,,,,,,,,,,,,,,,,,
700010,3,,C,,,,,,,,,,,,,,,,,,
700011,8,,C,,,,,,,,,,,,,,,,,,
700011,11,,C,,,,,,,,,,,,,,,,,,
700012,7,,C,,,,,,,,,,,,,,,,,,
700012,1,,C,,,,,,,,,,,,,,,,,,
700021,14,,C,,,,,,,,,,,,,,,,,,
700021,7,,C,,,,,,,,,,,,,,,,,,
700021,6,,C,,,,,,,,,,,,,,,,,,
700021,5,,C,,,,,,,,,,,,,,,,,,
700021,18,,C,,,,,,,,,,,,,,,,,,
700021,10,,C,,,,,,,,,,,,,,,,,,
700021,0,,C,,,,,,,,,,,,,,,,,,
700021,16,,C,,,,,,,,,,,,,,,,,,
700021,9,,C,,,,,,,,,,,,,,,,,,
700022,5,,C,,,,,,,,,,,,,,,,,,
700022,4,,C,,,,,,,,,,,,,,,,,,
700022,26,,C,,,,,,,,,,,,,,,,,,
700022,1,,C,,,,,,,,,,,,,,,,,,
700024,17,,C,,,,,,,,,,,,,,,,,,
700024,0,,C,,,,,,,,,,,,,,,,,,
700024,2,,C,,,,,,,,,,,,,,,,,,
700027,0,,C,,,,,,,,,,,,,,,,,,
700027,14,,C,,,,,,,,,,,,,,,,,,
700027,4,,C,,,,,,,,,,,,,,,,,,
700027,25,,C,,,,,,,,,,,,,,,,,,
700027,20,,C,,,,,,,,,,,,,,,,,,
700027,17,,C,,,,,,,,,,,,,,,,,,
700027,8,,C,,,,,,,,,,,,,,,,,,
700027,12,,C,,,,,,,,,,,,,,,,,,
700027,23,,C,,,,,,,,,,,,,,,,,,
700038,2,,C,,,,,,,,,,,,,,,,,,
700038,3,,C,,,,,,,,,,,,,,,,,,
700038,0,,C,,,,,,,,,,,,,,,,,,
700039,11,,C,,,,,,,,,,,,,,,,,,
700039,7,,C,,,,,,,,,,,,,,,,,,
700041,7,,C,,,,,,,,,,,,,,,,,,
700041,22,,C,,,,,,,,,,,,,,,,,,
700041,8,,C,,,,,,,,,,,,,,,,,,
700047,9,,C,,,,,,,,,,,,,,,,,,
700047,10,,C,,,,,,,,,,,,,,,,,,
700047,13,,C,,,,,,,,,,,,,,,,,,
700047,14,,C,,,,,,,,,,,,,,,,,,
700049,5,,C,,,,,,,,,,,,,,,,,,
700051,5,,C,,,,,,,,,,,,,,,,,,
700051,3,,C,,,,,,,,,,,,,,,,,,
700052,4,,C,,,,,,,,,,,,,,,,,,
700052,2,,C,,,,,,,,,,,,,,,,,,
700052,0,,C,,,,,,,,,,,,,,,,,,
700052,3,,C,,,,,,,,,,,,,,,,,,
700053,1,,C,,,,,,,,,,,,,,,,,,
700053,2,,C,,,,,,,,,,,,,,,,,,
700053,5,,C,,,,,,,,,,,,,,,,,,
700053,0,,C,,,,,,,,,,,,,,,,,,
700055,1,,C,,,,,,,,,,,,,,,,,,
700056,23,,C,,,,,,,,,,,,,,,,,,
700056,22,,C,,,,,,,,,,,,,,,,,,
700056,13,,C,,,,,,,,,,,,,,,,,,
700056,7,,C,,,,,,,,,,,,,,,,,,
700068,14,,C,,,,,,,,,,,,,,,,,,
700068,15,,C,,,,,,,,,,,,,,,,,,
700068,13,,C,,,,,,,,,,,,,,,,,,
700082,0,,C,,,,,,,,,,,,,,,,,,
700082,2,,C,,,,,,,,,,,,,,,,,,
700082,4,,C,,,,,,,,,,,,,,,,,,
700082,8,,C,,,,,,,,,,,,,,,,,,
700082,6,,C,,,,,,,,,,,,,,,,,,
700085,6,,C,,,,,,,,,,,,,,,,,,
700085,3,,C,,,,,,,,,,,,,,,,,,
700086,3,,C,,,,,,,,,,,,,,,,,,
700086,2,,C,,,,,,,,,,,,,,,,,,
700086,1,,C,,,,,,,,,,,,,,,,,,
700091,2,,C,,,,,,,,,,,,,,,,,,
700091,6,,C,,,,,,,,,,,,,,,,,,
700091,1,,C,,,,,,,,,,,,,,,,,,
700095,1,,C,,,,,,,,,,,,,,,,,,
700095,2,,C,,,,,,,,,,,,,,,,,,
700095,6,,C,,,,,,,,,,,,,,,,,,
700095,10,,C,,,,,,,,,,,,,,,,,,
700095,12,,C,,,,,,,,,,,,,,,,,,
700095,13,,C,,,,,,,,,,,,,,,,,,
700095,3,,C,,,,,,,,,,,,,,,,,,
700095,11,,C,,,,,,,,,,,,,,,,,,
700105,22,,C,,,,,,,,,,,,,,,,,,
700105,14,,C,,,,,,,,,,,,,,,,,,
700105,12,,C,,,,,,,,,,,,,,,,,,
700105,6,,C,,,,,,,,,,,,,,,,,,
700105,21,,C,,,,,,,,,,,,,,,,,,
700105,15,,C,,,,,,,,,,,,,,,,,,
700105,19,,C,,,,,,,,,,,,,,,,,,
700105,13,,C,,,,,,,,,,,,,,,,,,
700105,2,,C,,,,,,,,,,,,,,,,,,
700105,5,,C,,,,,,,,,,,,,,,,,,
700105,8,,C,,,,,,,,,,,,,,,,,,
700105,18,,C,,,,,,,,,,,,,,,,,,
700105,4,,C,,,,,,,,,,,,,,,,,,
700105,7,,C,,,,,,,,,,,,,,,,,,
700105,17,,C,,,,,,,,,,,,,,,,,,
700105,3,,C,,,,,,,,,,,,,,,,,,
700105,11,,C,,,,,,,,,,,,,,,,,,
700105,10,,C,,,,,,,,,,,,,,,,,,
700105,9,,C,,,,,,,,,,,,,,,,,,
700105,1,,C,,,,,,,,,,,,,,,,,,
700105,0,,C,,,,,,,,,,,,,,,,,,
700107,2,,C,,,,,,,,,,,,,,,,,,
700112,12,,C,,,,,,,,,,,,,,,,,,
700112,13,,C,,,,,,,,,,,,,,,,,,
700112,21,,C,,,,,,,,,,,,,,,,,,
700112,3,,C,,,,,,,,,,,,,,,,,,
700112,2,,C,,,,,,,,,,,,,,,,,,
700117,2,,C,,,,,,,,,,,,,,,,,,
700117,4,,C,,,,,,,,,,,,,,,,,,
700119,0,,C,,,,,,,,,,,,,,,,,,
700125,27,,C,,,,,,,,,,,,,,,,,,
700125,19,,C,,,,,,,,,,,,,,,,,,
700125,20,,C,,,,,,,,,,,,,,,,,,
700125,23,,C,,,,,,,,,,,,,,,,,,
700125,30,,C,,,,,,,,,,,,,,,,,,
700130,33,,C,,,,,,,,,,,,,,,,,,
700130,31,,C,,,,,,,,,,,,,,,,,,
700130,29,,C,,,,,,,,,,,,,,,,,,
700130,24,,C,,,,,,,,,,,,,,,,,,
700130,36,,C,,,,,,,,,,,,,,,,,,
700131,27,,C,,,,,,,,,,,,,,,,,,
700131,20,,C,,,,,,,,,,,,,,,,,,
700131,23,,C,,,,,,,,,,,,,,,,,,
700131,29,,C,,,,,,,,,,,,,,,,,,
700131,24,,C,,,,,,,,,,,,,,,,,,
700134,11,,C,,,,,,,,,,,,,,,,,,
700134,16,,C,,,,,,,,,,,,,,,,,,
700134,9,,C,,,,,,,,,,,,,,,,,,
700134,8,,C,,,,,,,,,,,,,,,,,,
700134,19,,C,,,,,,,,,,,,,,,,,,
700138,4,,C,,,,,,,,,,,,,,,,,,
700138,3,,C,,,,,,,,,,,,,,,,,,
700140,0,,C,,,,,,,,,,,,,,,,,,
700141,1,,C,,,,,,,,,,,,,,,,,,
700143,17,,C,,,,,,,,,,,,,,,,,,
700143,15,,C,,,,,,,,,,,,,,,,,,
700143,19,,C,,,,,,,,,,,,,,,,,,
700143,21,,C,,,,,,,,,,,,,,,,,,
700143,13,,C,,,,,,,,,,,,,,,,,,
700143,22,,C,,,,,,,,,,,,,,,,,,
700143,16,,C,,,,,,,,,,,,,,,,,,
700145,10,,C,,,,,,,,,,,,,,,,,,
700151,16,,C,,,,,,,,,,,,,,,,,,
700151,15,,C,,,,,,,,,,,,,,,,,,
700151,20,,C,,,,,,,,,,,,,,,,,,
700151,24,,C,,,,,,,,,,,,,,,,,,
700151,21,,C,,,,,,,,,,,,,,,,,,
700151,26,,C,,,,,,,,,,,,,,,,,,
700151,19,,C,,,,,,,,,,,,,,,,,,
700151,18,,C,,,,,,,,,,,,,,,,,,
700161,0,,C,,,,,,,,,,,,,,,,,,
700161,12,,C,,,,,,,,,,,,,,,,,,
700168,8,,C,,,,,,,,,,,,,,,,,,
700169,23,,C,,,,,,,,,,,,,,,,,,
700169,15,,C,,,,,,,,,,,,,,,,,,
700169,24,,C,,,,,,,,,,,,,,,,,,
700169,21,,C,,,,,,,,,,,,,,,,,,
700169,26,,C,,,,,,,,,,,,,,,,,,
700169,19,,C,,,,,,,,,,,,,,,,,,
700169,16,,C,,,,,,,,,,,,,,,,,,
700169,18,,C,,,,,,,,,,,,,,,,,,
700169,20,,C,,,,,,,,,,,,,,,,,,
700171,1,,C,,,,,,,,,,,,,,,,,,
700171,2,,C,,,,,,,,,,,,,,,,,,
700171,5,,C,,,,,,,,,,,,,,,,,,
700174,6,,C,,,,,,,,,,,,,,,,,,
700174,5,,C,,,,,,,,,,,,,,,,,,
700174,3,,C,,,,,,,,,,,,,,,,,,
700174,1,,C,,,,,,,,,,,,,,,,,,
700175,4,,C,,,,,,,,,,,,,,,,,,
700175,2,,C,,,,,,,,,,,,,,,,,,
700175,1,,C,,,,,,,,,,,,,,,,,,
700179,18,,C,,,,,,,,,,,,,,,,,,
700179,22,,C,,,,,,,,,,,,,,,,,,
700179,23,,C,,,,,,,,,,,,,,,,,,
700179,19,,C,,,,,,,,,,,,,,,,,,
700179,20,,C,,,,,,,,,,,,,,,,,,
700179,15,,C,,,,,,,,,,,,,,,,,,
700187,0,,C,,,,,,,,,,,,,,,,,,
700189,1,,C,,,,,,,,,,,,,,,,,,
700189,11,,C,,,,,,,,,,,,,,,,,,
700189,2,,C,,,,,,,,,,,,,,,,,,
700189,0,,C,,,,,,,,,,,,,,,,,,
700189,6,,C,,,,,,,,,,,,,,,,,,
700191,18,,C,,,,,,,,,,,,,,,,,,
700191,14,,C,,,,,,,,,,,,,,,,,,
700191,22,,C,,,,,,,,,,,,,,,,,,
700191,20,,C,,,,,,,,,,,,,,,,,,
700191,15,,C,,,,,,,,,,,,,,,,,,
700197,2,,C,,,,,,,,,,,,,,,,,,
700200,22,,C,,,,,,,,,,,,,,,,,,
700200,21,,C,,,,,,,,,,,,,,,,,,
700209,16,,C,,,,,,,,,,,,,,,,,,
700209,23,,C,,,,,,,,,,,,,,,,,,
700209,18,,C,,,,,,,,,,,,,,,,,,
700209,20,,C,,,,,,,,,,,,,,,,,,
700209,17,,C,,,,,,,,,,,,,,,,,,
700210,14,,C,,,,,,,,,,,,,,,,,,
700210,19,,C,,,,,,,,,,,,,,,,,,
700210,1,,C,,,,,,,,,,,,,,,,,,
700210,3,,C,,,,,,,,,,,,,,,,,,
700210,7,,C,,,,,,,,,,,,,,,,,,
700210,17,,C,,,,,,,,,,,,,,,,,,
700210,22,,C,,,,,,,,,,,,,,,,,,
700210,12,,C,,,,,,,,,,,,,,,,,,
700210,10,,C,,,,,,,,,,,,,,,,,,
700214,1,,C,,,,,,,,,,,,,,,,,,
700214,2,,C,,,,,,,,,,,,,,,,,,
700215,10,,C,,,,,,,,,,,,,,,,,,
700216,8,,C,,,,,,,,,,,,,,,,,,
700223,10,,C,,,,,,,,,,,,,,,,,,
700223,8,,C,,,,,,,,,,,,,,,,,,
700223,11,,C,,,,,,,,,,,,,,,,,,
700223,12,,C,,,,,,,,,,,,,,,,,,
700226,2,,C,,,,,,,,,,,,,,,,,,
700226,1,,C,,,,,,,,,,,,,,,,,,
700226,5,,C,,,,,,,,,,,,,,,,,,
700227,0,,C,,,,,,,,,,,,,,,,,,
700227,1,,C,,,,,,,,,,,,,,,,,,
700227,2,,C,,,,,,,,,,,,,,,,,,
700227,5,,C,,,,,,,,,,,,,,,,,,
700227,7,,C,,,,,,,,,,,,,,,,,,
700227,4,,C,,,,,,,,,,,,,,,,,,
700227,3,,C,,,,,,,,,,,,,,,,,,
700227,6,,C,,,,,,,,,,,,,,,,,,
700231,6,,C,,,,,,,,,,,,,,,,,,
700231,2,,C,,,,,,,,,,,,,,,,,,
700231,5,,C,,,,,,,,,,,,,,,,,,
700240,22,,C,,,,,,,,,,,,,,,,,,
700240,8,,C,,,,,,,,,,,,,,,,,,
700240,23,,C,,,,,,,,,,,,,,,,,,
700240,11,,C,,,,,,,,,,,,,,,,,,
700240,12,,C,,,,,,,,,,,,,,,,,,
700240,14,,C,,,,,,,,,,,,,,,,,,
700240,5,,C,,,,,,,,,,,,,,,,,,
700240,7,,C,,,,,,,,,,,,,,,,,,
700240,25,,C,,,,,,,,,,,,,,,,,,
700240,9,,C,,,,,,,,,,,,,,,,,,
700240,1,,C,,,,,,,,,,,,,,,,,,
700243,20,,C,,,,,,,,,,,,,,,,,,
700243,22,,C,,,,,,,,,,,,,,,,,,
700243,28,,C,,,,,,,,,,,,,,,,,,
700243,25,,C,,,,,,,,,,,,,,,,,,
700244,2,,C,,,,,,,,,,,,,,,,,,
700244,4,,C,,,,,,,,,,,,,,,,,,
700244,6,,C,,,,,,,,,,,,,,,,,,
700244,7,,C,,,,,,,,,,,,,,,,,,
700256,24,,C,,,,,,,,,,,,,,,,,,
700256,26,,C,,,,,,,,,,,,,,,,,,
700256,22,,C,,,,,,,,,,,,,,,,,,
700256,23,,C,,,,,,,,,,,,,,,,,,
700256,30,,C,,,,,,,,,,,,,,,,,,
700256,25,,C,,,,,,,,,,,,,,,,,,
700258,5,,C,,,,,,,,,,,,,,,,,,
700258,6,,C,,,,,,,,,,,,,,,,,,
700259,0,,C,,,,,,,,,,,,,,,,,,
700260,1,,C,,,,,,,,,,,,,,,,,,
700262,5,,C,,,,,,,,,,,,,,,,,,
700266,26,,C,,,,,,,,,,,,,,,,,,
700266,25,,C,,,,,,,,,,,,,,,,,,
700266,23,,C,,,,,,,,,,,,,,,,,,
700268,4,,C,,,,,,,,,,,,,,,,,,
700268,3,,C,,,,,,,,,,,,,,,,,,
700268,2,,C,,,,,,,,,,,,,,,,,,
700273,20,,C,,,,,,,,,,,,,,,,,,
700273,18,,C,,,,,,,,,,,,,,,,,,
700273,21,,C,,,,,,,,,,,,,,,,,,
700273,15,,C,,,,,,,,,,,,,,,,,,
700273,22,,C,,,,,,,,,,,,,,,,,,
700274,2,,C,,,,,,,,,,,,,,,,,,
700279,6,,C,,,,,,,,,,,,,,,,,,
700279,1,,C,,,,,,,,,,,,,,,,,,
700281,37,,C,,,,,,,,,,,,,,,,,,
700281,38,,C,,,,,,,,,,,,,,,,,,
700282,22,,C,,,,,,,,,,,,,,,,,,
700282,24,,C,,,,,,,,,,,,,,,,,,
700282,21,,C,,,,,,,,,,,,,,,,,,
700282,29,,C,,,,,,,,,,,,,,,,,,
700282,28,,C,,,,,,,,,,,,,,,,,,
700282,25,,C,,,,,,,,,,,,,,,,,,
700282,26,,C,,,,,,,,,,,,,,,,,,
700282,20,,C,,,,,,,,,,,,,,,,,,
700284,25,,C,,,,,,,,,,,,,,,,,,
700284,32,,C,,,,,,,,,,,,,,,,,,
700284,28,,C,,,,,,,,,,,,,,,,,,
700284,24,,C,,,,,,,,,,,,,,,,,,
700284,26,,C,,,,,,,,,,,,,,,,,,
700284,34,,C,,,,,,,,,,,,,,,,,,
700286,19,,C,,,,,,,,,,,,,,,,,,
700286,18,,C,,,,,,,,,,,,,,,,,,
700286,17,,C,,,,,,,,,,,,,,,,,,
700290,10,,C,,,,,,,,,,,,,,,,,,
700291,8,,C,,,,,,,,,,,,,,,,,,
700291,16,,C,,,,,,,,,,,,,,,,,,
700291,3,,C,,,,,,,,,,,,,,,,,,
700291,4,,C,,,,,,,,,,,,,,,,,,
700291,7,,C,,,,,,,,,,,,,,,,,,
700293,0,,C,,,,,,,,,,,,,,,,,,
700293,4,,C,,,,,,,,,,,,,,,,,,
700293,7,,C,,,,,,,,,,,,,,,,,,
700293,1,,C,,,,,,,,,,,,,,,,,,
700298,32,,C,,,,,,,,,,,,,,,,,,
700298,41,,C,,,,,,,,,,,,,,,,,,
700298,37,,C,,,,,,,,,,,,,,,,,,
700298,31,,C,,,,,,,,,,,,,,,,,,
700298,36,,C,,,,,,,,,,,,,,,,,,
700298,38,,C,,,,,,,,,,,,,,,,,,
700298,44,,C,,,,,,,,,,,,,,,,,,
700298,35,,C,,,,,,,,,,,,,,,,,,
700299,0,,C,,,,,,,,,,,,,,,,,,
700301,6,,C,,,,,,,,,,,,,,,,,,
700303,11,,C,,,,,,,,,,,,,,,,,,
700303,9,,C,,,,,,,,,,,,,,,,,,
700309,2,,C,,,,,,,,,,,,,,,,,,
700309,9,,C,,,,,,,,,,,,,,,,,,
700309,4,,C,,,,,,,,,,,,,,,,,,
700309,8,,C,,,,,,,,,,,,,,,,,,
700309,3,,C,,,,,,,,,,,,,,,,,,
700309,6,,C,,,,,,,,,,,,,,,,,,
700313,10,,C,,,,,,,,,,,,,,,,,,
700313,7,,C,,,,,,,,,,,,,,,,,,
700313,4,,C,,,,,,,,,,,,,,,,,,
700313,9,,C,,,,,,,,,,,,,,,,,,
700313,8,,C,,,,,,,,,,,,,,,,,,
700316,14,,C,,,,,,,,,,,,,,,,,,
700316,20,,C,,,,,,,,,,,,,,,,,,
700316,17,,C,,,,,,,,,,,,,,,,,,
700316,10,,C,,,,,,,,,,,,,,,,,,
700316,13,,C,,,,,,,,,,,,,,,,,,
700322,0,,C,,,,,,,,,,,,,,,,,,
700322,4,,C,,,,,,,,,,,,,,,,,,
700322,3,,C,,,,,,,,,,,,,,,,,,
700324,10,,C,,,,,,,,,,,,,,,,,,
700332,1,,C,,,,,,,,,,,,,,,,,,
700332,22,,C,,,,,,,,,,,,,,,,,,
700332,16,,C,,,,,,,,,,,,,,,,,,
700332,19,,C,,,,,,,,,,,,,,,,,,
700332,11,,C,,,,,,,,,,,,,,,,,,
700332,3,,C,,,,,,,,,,,,,,,,,,
700332,2,,C,,,,,,,,,,,,,,,,,,
700332,20,,C,,,,,,,,,,,,,,,,,,
700332,8,,C,,,,,,,,,,,,,,,,,,
700332,10,,C,,,,,,,,,,,,,,,,,,
700332,21,,C,,,,,,,,,,,,,,,,,,
700332,25,,C,,,,,,,,,,,,,,,,,,
700332,14,,C,,,,,,,,,,,,,,,,,,
700332,0,,C,,,,,,,,,,,,,,,,,,
700333,43,,C,,,,,,,,,,,,,,,,,,
700333,37,,C,,,,,,,,,,,,,,,,,,
700333,36,,C,,,,,,,,,,,,,,,,,,
700333,41,,C,,,,,,,,,,,,,,,,,,
700333,38,,C,,,,,,,,,,,,,,,,,,
700342,4,,C,,,,,,,,,,,,,,,,,,
700344,16,,C,,,,,,,,,,,,,,,,,,
700344,12,,C,,,,,,,,,,,,,,,,,,
700344,10,,C,,,,,,,,,,,,,,,,,,
700348,25,,C,,,,,,,,,,,,,,,,,,
700348,22,,C,,,,,,,,,,,,,,,,,,
700348,24,,C,,,,,,,,,,,,,,,,,,
700348,29,,C,,,,,,,,,,,,,,,,,,
700349,22,,C,,,,,,,,,,,,,,,,,,
700349,25,,C,,,,,,,,,,,,,,,,,,
700349,20,,C,,,,,,,,,,,,,,,,,,
700359,5,,C,,,,,,,,,,,,,,,,,,
700359,1,,C,,,,,,,,,,,,,,,,,,
700359,2,,C,,,,,,,,,,,,,,,,,,
700366,28,,C,,,,,,,,,,,,,,,,,,
700366,32,,C,,,,,,,,,,,,,,,,,,
700366,35,,C,,,,,,,,,,,,,,,,,,
700366,26,,C,,,,,,,,,,,,,,,,,,
700366,27,,C,,,,,,,,,,,,,,,,,,
700366,25,,C,,,,,,,,,,,,,,,,,,
700374,2,,C,,,,,,,,,,,,,,,,,,
700374,0,,C,,,,,,,,,,,,,,,,,,
700374,8,,C,,,,,,,,,,,,,,,,,,
700374,4,,C,,,,,,,,,,,,,,,,,,
700374,6,,C,,,,,,,,,,,,,,,,,,
700374,9,,C,,,,,,,,,,,,,,,,,,
700376,12,,C,,,,,,,,,,,,,,,,,,
700385,8,,C,,,,,,,,,,,,,,,,,,
700385,24,,C,,,,,,,,,,,,,,,,,,
700385,33,,C,,,,,,,,,,,,,,,,,,
700385,10,,C,,,,,,,,,,,,,,,,,,
700387,4,,C,,,,,,,,,,,,,,,,,,
700387,1,,C,,,,,,,,,,,,,,,,,,
700387,0,,C,,,,,,,,,,,,,,,,,,
700387,5,,C,,,,,,,,,,,,,,,,,,
700387,7,,C,,,,,,,,,,,,,,,,,,
700387,2,,C,,,,,,,,,,,,,,,,,,
700390,18,,C,,,,,,,,,,,,,,,,,,
700390,7,,C,,,,,,,,,,,,,,,,,,
700390,11,,C,,,,,,,,,,,,,,,,,,
700391,2,,C,,,,,,,,,,,,,,,,,,
700392,0,,C,,,,,,,,,,,,,,,,,,
700396,12,,C,,,,,,,,,,,,,,,,,,
700396,9,,C,,,,,,,,,,,,,,,,,,
700396,8,,C,,,,,,,,,,,,,,,,,,
700396,6,,C,,,,,,,,,,,,,,,,,,
700396,4,,C,,,,,,,,,,,,,,,,,,
700396,13,,C,,,,,,,,,,,,,,,,,,
700398,10,,C,,,,,,,,,,,,,,,,,,
700398,7,,C,,,,,,,,,,,,,,,,,,
700398,46,,C,,,,,,,,,,,,,,,,,,
700398,13,,C,,,,,,,,,,,,,,,,,,
700398,17,,C,,,,,,,,,,,,,,,,,,
700398,34,,C,,,,,,,,,,,,,,,,,,
700402,0,,C,,,,,,,,,,,,,,,,,,
700415,9,,C,,,,,,,,,,,,,,,,,,
700415,21,,C,,,,,,,,,,,,,,,,,,
700415,4,,C,,,,,,,,,,,,,,,,,,
700415,33,,C,,,,,,,,,,,,,,,,,,
700415,2,,C,,,,,,,,,,,,,,,,,,
700415,24,,C,,,,,,,,,,,,,,,,,,
700415,41,,C,,,,,,,,,,,,,,,,,,
700415,15,,C,,,,,,,,,,,,,,,,,,
700425,2,,C,,,,,,,,,,,,,,,,,,
700425,1,,C,,,,,,,,,,,,,,,,,,
700430,16,,C,,,,,,,,,,,,,,,,,,
700431,29,,C,,,,,,,,,,,,,,,,,,
700431,23,,C,,,,,,,,,,,,,,,,,,
700431,21,,C,,,,,,,,,,,,,,,,,,
700431,24,,C,,,,,,,,,,,,,,,,,,
700431,25,,C,,,,,,,,,,,,,,,,,,
700431,22,,C,,,,,,,,,,,,,,,,,,
700435,15,,C,,,,,,,,,,,,,,,,,,
700435,10,,C,,,,,,,,,,,,,,,,,,
700440,31,,C,,,,,,,,,,,,,,,,,,
700443,10,,C,,,,,,,,,,,,,,,,,,
700443,4,,C,,,,,,,,,,,,,,,,,,
700448,3,,C,,,,,,,,,,,,,,,,,,
700448,6,,C,,,,,,,,,,,,,,,,,,
700448,2,,C,,,,,,,,,,,,,,,,,,
700454,17,,C,,,,,,,,,,,,,,,,,,
700454,23,,C,,,,,,,,,,,,,,,,,,
700454,19,,C,,,,,,,,,,,,,,,,,,
700454,21,,C,,,,,,,,,,,,,,,,,,
700454,26,,C,,,,,,,,,,,,,,,,,,
700455,3,,C,,,,,,,,,,,,,,,,,,
700455,4,,C,,,,,,,,,,,,,,,,,,
700456,7,,C,,,,,,,,,,,,,,,,,,
700456,9,,C,,,,,,,,,,,,,,,,,,
700464,1,,C,,,,,,,,,,,,,,,,,,
700473,23,,C,,,,,,,,,,,,,,,,,,
700473,24,,C,,,,,,,,,,,,,,,,,,
700473,34,,C,,,,,,,,,,,,,,,,,,
700473,38,,C,,,,,,,,,,,,,,,,,,
700473,40,,C,,,,,,,,,,,,,,,,,,
700473,31,,C,,,,,,,,,,,,,,,,,,
700473,25,,C,,,,,,,,,,,,,,,,,,
700473,27,,C,,,,,,,,,,,,,,,,,,
700473,36,,C,,,,,,,,,,,,,,,,,,
700473,28,,C,,,,,,,,,,,,,,,,,,
700473,26,,C,,,,,,,,,,,,,,,,,,
700474,1,,C,,,,,,,,,,,,,,,,,,
700474,7,,C,,,,,,,,,,,,,,,,,,
700474,3,,C,,,,,,,,,,,,,,,,,,
700474,0,,C,,,,,,,,,,,,,,,,,,
700474,6,,C,,,,,,,,,,,,,,,,,,
700474,2,,C,,,,,,,,,,,,,,,,,,
700483,1,,C,,,,,,,,,,,,,,,,,,
700484,7,,C,,,,,,,,,,,,,,,,,,
700484,9,,C,,,,,,,,,,,,,,,,,,
700484,10,,C,,,,,,,,,,,,,,,,,,
700486,6,,C,,,,,,,,,,,,,,,,,,
700486,18,,C,,,,,,,,,,,,,,,,,,
700486,13,,C,,,,,,,,,,,,,,,,,,
700486,35,,C,,,,,,,,,,,,,,,,,,
700486,10,,C,,,,,,,,,,,,,,,,,,
700486,11,,C,,,,,,,,,,,,,,,,,,
700487,32,,C,,,,,,,,,,,,,,,,,,
700489,14,,C,,,,,,,,,,,,,,,,,,
700489,6,,C,,,,,,,,,,,,,,,,,,
700489,17,,C,,,,,,,,,,,,,,,,,,
700489,18,,C,,,,,,,,,,,,,,,,,,
700489,11,,C,,,,,,,,,,,,,,,,,,
700490,1,,C,,,,,,,,,,,,,,,,,,
700490,2,,C,,,,,,,,,,,,,,,,,,
700490,0,,C,,,,,,,,,,,,,,,,,,
700490,3,,C,,,,,,,,,,,,,,,,,,
700491,0,,C,,,,,,,,,,,,,,,,,,
700501,2,,C,,,,,,,,,,,,,,,,,,
700501,4,,C,,,,,,,,,,,,,,,,,,
700501,1,,C,,,,,,,,,,,,,,,,,,
700504,2,,C,,,,,,,,,,,,,,,,,,
700504,22,,C,,,,,,,,,,,,,,,,,,
700504,15,,C,,,,,,,,,,,,,,,,,,
700504,9,,C,,,,,,,,,,,,,,,,,,
700504,6,,C,,,,,,,,,,,,,,,,,,
700506,27,,C,,,,,,,,,,,,,,,,,,
700506,29,,C,,,,,,,,,,,,,,,,,,
700506,3,,C,,,,,,,,,,,,,,,,,,
700508,0,,C,,,,,,,,,,,,,,,,,,
700513,0,,C,,,,,,,,,,,,,,,,,,
700513,1,,C,,,,,,,,,,,,,,,,,,
700514,9,,C,,,,,,,,,,,,,,,,,,
700514,15,,C,,,,,,,,,,,,,,,,,,
700519,2,,C,,,,,,,,,,,,,,,,,,
700520,17,,C,,,,,,,,,,,,,,,,,,
700520,2,,C,,,,,,,,,,,,,,,,,,
700521,9,,C,,,,,,,,,,,,,,,,,,
700521,6,,C,,,,,,,,,,,,,,,,,,
700521,3,,C,,,,,,,,,,,,,,,,,,
700528,2,,C,,,,,,,,,,,,,,,,,,
700530,0,,C,,,,,,,,,,,,,,,,,,
700530,1,,C,,,,,,,,,,,,,,,,,,
700530,2,,C,,,,,,,,,,,,,,,,,,
700534,0,,C,,,,,,,,,,,,,,,,,,
700534,1,,C,,,,,,,,,,,,,,,,,,
700539,11,,C,,,,,,,,,,,,,,,,,,
700539,14,,C,,,,,,,,,,,,,,,,,,
700539,13,,C,,,,,,,,,,,,,,,,,,
700539,17,,C,,,,,,,,,,,,,,,,,,
700539,15,,C,,,,,,,,,,,,,,,,,,
700540,9,,C,,,,,,,,,,,,,,,,,,
700540,22,,C,,,,,,,,,,,,,,,,,,
700546,4,,C,,,,,,,,,,,,,,,,,,
700546,3,,C,,,,,,,,,,,,,,,,,,
700546,2,,C,,,,,,,,,,,,,,,,,,
700546,7,,C,,,,,,,,,,,,,,,,,,
700547,13,,C,,,,,,,,,,,,,,,,,,
700547,17,,C,,,,,,,,,,,,,,,,,,
700547,16,,C,,,,,,,,,,,,,,,,,,
700547,11,,C,,,,,,,,,,,,,,,,,,
700547,14,,C,,,,,,,,,,,,,,,,,,
700547,10,,C,,,,,,,,,,,,,,,,,,
700553,5,,C,,,,,,,,,,,,,,,,,,
700553,3,,C,,,,,,,,,,,,,,,,,,
700553,10,,C,,,,,,,,,,,,,,,,,,
700553,4,,C,,,,,,,,,,,,,,,,,,
700553,0,,C,,,,,,,,,,,,,,,,,,
700553,12,,C,,,,,,,,,,,,,,,,,,
700553,13,,C,,,,,,,,,,,,,,,,,,
700553,1,,C,,,,,,,,,,,,,,,,,,
700563,9,,C,,,,,,,,,,,,,,,,,,
700563,18,,C,,,,,,,,,,,,,,,,,,
700563,5,,C,,,,,,,,,,,,,,,,,,
700566,1,,C,,,,,,,,,,,,,,,,,,
700566,0,,C,,,,,,,,,,,,,,,,,,
700571,24,,C,,,,,,,,,,,,,,,,,,
700571,8,,C,,,,,,,,,,,,,,,,,,
700571,12,,C,,,,,,,,,,,,,,,,,,
700571,33,,C,,,,,,,,,,,,,,,,,,
700571,5,,C,,,,,,,,,,,,,,,,,,
700571,27,,C,,,,,,,,,,,,,,,,,,
700572,0,,C,,,,,,,,,,,,,,,,,,
700578,3,,C,,,,,,,,,,,,,,,,,,
700578,4,,C,,,,,,,,,,,,,,,,,,
700578,6,,C,,,,,,,,,,,,,,,,,,
700586,0,,C,,,,,,,,,,,,,,,,,,
700586,4,,C,,,,,,,,,,,,,,,,,,
700586,9,,C,,,,,,,,,,,,,,,,,,
700586,3,,C,,,,,,,,,,,,,,,,,,
700586,1,,C,,,,,,,,,,,,,,,,,,
700586,2,,C,,,,,,,,,,,,,,,,,,
700586,6,,C,,,,,,,,,,,,,,,,,,
700586,8,,C,,,,,,,,,,,,,,,,,,
700591,21,,C,,,,,,,,,,,,,,,,,,
700591,18,,C,,,,,,,,,,,,,,,,,,
700591,14,,C,,,,,,,,,,,,,,,,,,
700591,15,,C,,,,,,,,,,,,,,,,,,
700592,5,,C,,,,,,,,,,,,,,,,,,
700592,2,,C,,,,,,,,,,,,,,,,,,
700592,1,,C,,,,,,,,,,,,,,,,,,
700592,4,,C,,,,,,,,,,,,,,,,,,
700592,0,,C,,,,,,,,,,,,,,,,,,
700592,7,,C,,,,,,,,,,,,,,,,,,
700592,9,,C,,,,,,,,,,,,,,,,,,
700592,10,,C,,,,,,,,,,,,,,,,,,
700597,20,,C,,,,,,,,,,,,,,,,,,
700597,16,,C,,,,,,,,,,,,,,,,,,
700597,15,,C,,,,,,,,,,,,,,,,,,
700597,14,,C,,,,,,,,,,,,,,,,,,
700597,11,,C,,,,,,,,,,,,,,,,,,
700597,8,,C,,,,,,,,,,,,,,,,,,
700597,18,,C,,,,,,,,,,,,,,,,,,
700597,17,,C,,,,,,,,,,,,,,,,,,
700597,12,,C,,,,,,,,,,,,,,,,,,
700597,10,,C,,,,,,,,,,,,,,,,,,
700597,19,,C,,,,,,,,,,,,,,,,,,
700598,10,,C,,,,,,,,,,,,,,,,,,
700598,6,,C,,,,,,,,,,,,,,,,,,
700598,9,,C,,,,,,,,,,,,,,,,,,
700598,13,,C,,,,,,,,,,,,,,,,,,
700599,16,,C,,,,,,,,,,,,,,,,,,
700599,17,,C,,,,,,,,,,,,,,,,,,
700599,15,,C,,,,,,,,,,,,,,,,,,
700600,10,,C,,,,,,,,,,,,,,,,,,
700611,0,,C,,,,,,,,,,,,,,,,,,
700611,5,,C,,,,,,,,,,,,,,,,,,
700611,1,,C,,,,,,,,,,,,,,,,,,
700611,2,,C,,,,,,,,,,,,,,,,,,
700611,3,,C,,,,,,,,,,,,,,,,,,
700618,23,,C,,,,,,,,,,,,,,,,,,
700618,8,,C,,,,,,,,,,,,,,,,,,
700618,4,,C,,,,,,,,,,,,,,,,,,
700618,10,,C,,,,,,,,,,,,,,,,,,
700620,21,,C,,,,,,,,,,,,,,,,,,
700620,19,,C,,,,,,,,,,,,,,,,,,
700620,18,,C,,,,,,,,,,,,,,,,,,
700620,20,,C,,,,,,,,,,,,,,,,,,
700622,8,,C,,,,,,,,,,,,,,,,,,
700626,0,,C,,,,,,,,,,,,,,,,,,
700626,2,,C,,,,,,,,,,,,,,,,,,
700639,9,,C,,,,,,,,,,,,,,,,,,
700639,0,,C,,,,,,,,,,,,,,,,,,
700639,5,,C,,,,,,,,,,,,,,,,,,
700639,3,,C,,,,,,,,,,,,,,,,,,
700639,8,,C,,,,,,,,,,,,,,,,,,
700639,1,,C,,,,,,,,,,,,,,,,,,
700639,2,,C,,,,,,,,,,,,,,,,,,
700640,17,,C,,,,,,,,,,,,,,,,,,
700640,2,,C,,,,,,,,,,,,,,,,,,
700640,6,,C,,,,,,,,,,,,,,,,,,
700640,4,,C,,,,,,,,,,,,,,,,,,
700640,25,,C,,,,,,,,,,,,,,,,,,
700646,4,,C,,,,,,,,,,,,,,,,,,
700646,2,,C,,,,,,,,,,,,,,,,,,
700646,6,,C,,,,,,,,,,,,,,,,,,
700646,3,,C,,,,,,,,,,,,,,,,,,
700646,1,,C,,,,,,,,,,,,,,,,,,
700646,7,,C,,,,,,,,,,,,,,,,,,
700646,8,,C,,,,,,,,,,,,,,,,,,
700646,11,,C,,,,,,,,,,,,,,,,,,
700646,5,,C,,,,,,,,,,,,,,,,,,
700646,13,,C,,,,,,,,,,,,,,,,,,
700647,31,,C,,,,,,,,,,,,,,,,,,
700647,7,,C,,,,,,,,,,,,,,,,,,
700656,0,,C,,,,,,,,,,,,,,,,,,
700656,5,,C,,,,,,,,,,,,,,,,,,
700656,1,,C,,,,,,,,,,,,,,,,,,
700664,4,,C,,,,,,,,,,,,,,,,,,
700664,1,,C,,,,,,,,,,,,,,,,,,
700665,6,,C,,,,,,,,,,,,,,,,,,
700665,13,,C,,,,,,,,,,,,,,,,,,
700665,17,,C,,,,,,,,,,,,,,,,,,
700667,3,,C,,,,,,,,,,,,,,,,,,
700673,5,,C,,,,,,,,,,,,,,,,,,
700684,5,,C,,,,,,,,,,,,,,,,,,
700684,3,,C,,,,,,,,,,,,,,,,,,
700684,0,,C,,,,,,,,,,,,,,,,,,
700684,2,,C,,,,,,,,,,,,,,,,,,
700702,4,,C,,,,,,,,,,,,,,,,,,
700702,9,,C,,,,,,,,,,,,,,,,,,
700702,6,,C,,,,,,,,,,,,,,,,,,
700702,5,,C,,,,,,,,,,,,,,,,,,
700702,8,,C,,,,,,,,,,,,,,,,,,
700702,3,,C,,,,,,,,,,,,,,,,,,
700741,2,,C,,,,,,,,,,,,,,,,,,
700752,6,,C,,,,,,,,,,,,,,,,,,
700753,4,,C,,,,,,,,,,,,,,,,,,
700753,0,,C,,,,,,,,,,,,,,,,,,
700753,3,,C,,,,,,,,,,,,,,,,,,
700765,0,,C,,,,,,,,,,,,,,,,,,
700765,1,,C,,,,,,,,,,,,,,,,,,
700765,5,,C,,,,,,,,,,,,,,,,,,
700765,3,,C,,,,,,,,,,,,,,,,,,
700775,1,,C,,,,,,,,,,,,,,,,,,
700785,2,,C,,,,,,,,,,,,,,,,,,
700791,10,,C,,,,,,,,,,,,,,,,,,
700807,35,,C,,,,,,,,,,,,,,,,,,
700807,8,,C,,,,,,,,,,,,,,,,,,
700824,1,,C,,,,,,,,,,,,,,,,,,
700824,6,,C,,,,,,,,,,,,,,,,,,
700838,4,,C,,,,,,,,,,,,,,,,,,
700838,0,,C,,,,,,,,,,,,,,,,,,
700838,7,,C,,,,,,,,,,,,,,,,,,
700838,5,,C,,,,,,,,,,,,,,,,,,
700838,1,,C,,,,,,,,,,,,,,,,,,
700838,3,,C,,,,,,,,,,,,,,,,,,
700838,2,,C,,,,,,,,,,,,,,,,,,
700838,6,,C,,,,,,,,,,,,,,,,,,
700838,10,,C,,,,,,,,,,,,,,,,,,
700843,10,,C,,,,,,,,,,,,,,,,,,
700872,15,,C,,,,,,,,,,,,,,,,,,
700872,16,,C,,,,,,,,,,,,,,,,,,
700872,14,,C,,,,,,,,,,,,,,,,,,
700872,12,,C,,,,,,,,,,,,,,,,,,
700876,11,,C,,,,,,,,,,,,,,,,,,
700876,10,,C,,,,,,,,,,,,,,,,,,
700876,9,,C,,,,,,,,,,,,,,,,,,
700876,12,,C,,,,,,,,,,,,,,,,,,
700877,6,,C,,,,,,,,,,,,,,,,,,
700880,8,,C,,,,,,,,,,,,,,,,,,
700890,2,,C,,,,,,,,,,,,,,,,,,
700898,1,,C,,,,,,,,,,,,,,,,,,
700898,0,,C,,,,,,,,,,,,,,,,,,
700898,4,,C,,,,,,,,,,,,,,,,,,
700898,5,,C,,,,,,,,,,,,,,,,,,
700898,3,,C,,,,,,,,,,,,,,,,,,
700905,2,,C,,,,,,,,,,,,,,,,,,
700905,1,,C,,,,,,,,,,,,,,,,,,
700908,18,,C,,,,,,,,,,,,,,,,,,
700908,26,,C,,,,,,,,,,,,,,,,,,
700909,20,,C,,,,,,,,,,,,,,,,,,
700909,5,,C,,,,,,,,,,,,,,,,,,
700928,7,,C,,,,,,,,,,,,,,,,,,
700935,6,,C,,,,,,,,,,,,,,,,,,
700939,5,,C,,,,,,,,,,,,,,,,,,
700939,3,,C,,,,,,,,,,,,,,,,,,
700939,8,,C,,,,,,,,,,,,,,,,,,
700939,12,,C,,,,,,,,,,,,,,,,,,
700939,9,,C,,,,,,,,,,,,,,,,,,
700939,21,,C,,,,,,,,,,,,,,,,,,
700939,1,,C,,,,,,,,,,,,,,,,,,
700942,5,,C,,,,,,,,,,,,,,,,,,
700947,0,,C,,,,,,,,,,,,,,,,,,
700947,5,,C,,,,,,,,,,,,,,,,,,
700947,4,,C,,,,,,,,,,,,,,,,,,
700947,7,,C,,,,,,,,,,,,,,,,,,
700947,3,,C,,,,,,,,,,,,,,,,,,
700947,1,,C,,,,,,,,,,,,,,,,,,
700973,1,,C,,,,,,,,,,,,,,,,,,
700973,20,,C,,,,,,,,,,,,,,,,,,
700973,17,,C,,,,,,,,,,,,,,,,,,
700973,6,,C,,,,,,,,,,,,,,,,,,
700973,13,,C,,,,,,,,,,,,,,,,,,
700973,25,,C,,,,,,,,,,,,,,,,,,
700987,30,,C,,,,,,,,,,,,,,,,,,
700987,1,,C,,,,,,,,,,,,,,,,,,
700987,4,,C,,,,,,,,,,,,,,,,,,
700987,10,,C,,,,,,,,,,,,,,,,,,
700987,19,,C,,,,,,,,,,,,,,,,,,
700997,7,,C,,,,,,,,,,,,,,,,,,
700997,2,,C,,,,,,,,,,,,,,,,,,
700997,22,,C,,,,,,,,,,,,,,,,,,
701002,6,,C,,,,,,,,,,,,,,,,,,
701002,4,,C,,,,,,,,,,,,,,,,,,
701002,0,,C,,,,,,,,,,,,,,,,,,
701002,11,,C,,,,,,,,,,,,,,,,,,
701002,2,,C,,,,,,,,,,,,,,,,,,
701010,1,,C,,,,,,,,,,,,,,,,,,
701022,31,,C,,,,,,,,,,,,,,,,,,
701022,2,,C,,,,,,,,,,,,,,,,,,
701022,18,,C,,,,,,,,,,,,,,,,,,
701022,12,,C,,,,,,,,,,,,,,,,,,
701022,7,,C,,,,,,,,,,,,,,,,,,
701023,14,,C,,,,,,,,,,,,,,,,,,
701030,0,,C,,,,,,,,,,,,,,,,,,
701039,24,,C,,,,,,,,,,,,,,,,,,
701043,5,,C,,,,,,,,,,,,,,,,,,
701043,7,,C,,,,,,,,,,,,,,,,,,
701043,11,,C,,,,,,,,,,,,,,,,,,
701043,12,,C,,,,,,,,,,,,,,,,,,
701043,0,,C,,,,,,,,,,,,,,,,,,
701043,1,,C,,,,,,,,,,,,,,,,,,
701043,3,,C,,,,,,,,,,,,,,,,,,
701043,8,,C,,,,,,,,,,,,,,,,,,
701043,2,,C,,,,,,,,,,,,,,,,,,
701046,28,,C,,,,,,,,,,,,,,,,,,
701046,3,,C,,,,,,,,,,,,,,,,,,
701051,2,,C,,,,,,,,,,,,,,,,,,
701053,16,,C,,,,,,,,,,,,,,,,,,
701053,33,,C,,,,,,,,,,,,,,,,,,
701054,24,,C,,,,,,,,,,,,,,,,,,
701054,4,,C,,,,,,,,,,,,,,,,,,
701054,16,,C,,,,,,,,,,,,,,,,,,
701054,33,,C,,,,,,,,,,,,,,,,,,
701054,7,,C,,,,,,,,,,,,,,,,,,
701055,1,,C,,,,,,,,,,,,,,,,,,
701056,4,,C,,,,,,,,,,,,,,,,,,
701056,8,,C,,,,,,,,,,,,,,,,,,
701057,21,,C,,,,,,,,,,,,,,,,,,
701060,14,,C,,,,,,,,,,,,,,,,,,
701078,3,,C,,,,,,,,,,,,,,,,,,
701078,6,,C,,,,,,,,,,,,,,,,,,
701088,0,,C,,,,,,,,,,,,,,,,,,
701088,2,,C,,,,,,,,,,,,,,,,,,
701095,6,,C,,,,,,,,,,,,,,,,,,
701095,16,,C,,,,,,,,,,,,,,,,,,
701095,11,,C,,,,,,,,,,,,,,,,,,
701098,6,,C,,,,,,,,,,,,,,,,,,
701098,22,,C,,,,,,,,,,,,,,,,,,
701098,31,,C,,,,,,,,,,,,,,,,,,
701103,2,,C,,,,,,,,,,,,,,,,,,
701105,6,,C,,,,,,,,,,,,,,,,,,
701105,120,,C,,,,,,,,,,,,,,,,,,
701105,10,,C,,,,,,,,,,,,,,,,,,
701105,21,,C,,,,,,,,,,,,,,,,,,
701105,68,,C,,,,,,,,,,,,,,,,,,
701105,124,,C,,,,,,,,,,,,,,,,,,
701105,125,,C,,,,,,,,,,,,,,,,,,
701115,25,,C,,,,,,,,,,,,,,,,,,
701115,23,,C,,,,,,,,,,,,,,,,,,
701115,8,,C,,,,,,,,,,,,,,,,,,
701115,31,,C,,,,,,,,,,,,,,,,,,
701115,36,,C,,,,,,,,,,,,,,,,,,
701115,27,,C,,,,,,,,,,,,,,,,,,
701115,1,,C,,,,,,,,,,,,,,,,,,
701115,21,,C,,,,,,,,,,,,,,,,,,
701117,3,,C,,,,,,,,,,,,,,,,,,
701117,1,,C,,,,,,,,,,,,,,,,,,
701118,49,,C,,,,,,,,,,,,,,,,,,
701118,20,,C,,,,,,,,,,,,,,,,,,
701118,24,,C,,,,,,,,,,,,,,,,,,
701118,42,,C,,,,,,,,,,,,,,,,,,
701118,30,,C,,,,,,,,,,,,,,,,,,
701120,31,,C,,,,,,,,,,,,,,,,,,
701120,6,,C,,,,,,,,,,,,,,,,,,
701137,12,,C,,,,,,,,,,,,,,,,,,
701148,28,,C,,,,,,,,,,,,,,,,,,
701148,7,,C,,,,,,,,,,,,,,,,,,
701156,9,,C,,,,,,,,,,,,,,,,,,
701158,3,,C,,,,,,,,,,,,,,,,,,
701163,3,,C,,,,,,,,,,,,,,,,,,
701163,4,,C,,,,,,,,,,,,,,,,,,
701163,5,,C,,,,,,,,,,,,,,,,,,
701163,2,,C,,,,,,,,,,,,,,,,,,
701164,5,,C,,,,,,,,,,,,,,,,,,
701165,4,,C,,,,,,,,,,,,,,,,,,
701166,3,,C,,,,,,,,,,,,,,,,,,
701166,20,,C,,,,,,,,,,,,,,,,,,
701167,5,,C,,,,,,,,,,,,,,,,,,
701167,11,,C,,,,,,,,,,,,,,,,,,
701173,2,,C,,,,,,,,,,,,,,,,,,
701173,6,,C,,,,,,,,,,,,,,,,,,
701173,4,,C,,,,,,,,,,,,,,,,,,
701175,4,,C,,,,,,,,,,,,,,,,,,
701175,2,,C,,,,,,,,,,,,,,,,,,
701175,3,,C,,,,,,,,,,,,,,,,,,
701175,1,,C,,,,,,,,,,,,,,,,,,
701175,0,,C,,,,,,,,,,,,,,,,,,
701178,58,,C,,,,,,,,,,,,,,,,,,
701179,1,,C,,,,,,,,,,,,,,,,,,
701182,1,,C,,,,,,,,,,,,,,,,,,
701183,24,,C,,,,,,,,,,,,,,,,,,
701190,2,,C,,,,,,,,,,,,,,,,,,
701193,9,,C,,,,,,,,,,,,,,,,,,
701193,1,,C,,,,,,,,,,,,,,,,,,
701197,4,,C,,,,,,,,,,,,,,,,,,
701198,12,,C,,,,,,,,,,,,,,,,,,
701198,25,,C,,,,,,,,,,,,,,,,,,
701198,43,,C,,,,,,,,,,,,,,,,,,
701198,51,,C,,,,,,,,,,,,,,,,,,
701203,8,,C,,,,,,,,,,,,,,,,,,
701203,15,,C,,,,,,,,,,,,,,,,,,
701203,36,,C,,,,,,,,,,,,,,,,,,
701203,4,,C,,,,,,,,,,,,,,,,,,
701211,8,,C,,,,,,,,,,,,,,,,,,
701211,10,,C,,,,,,,,,,,,,,,,,,
701214,3,,C,,,,,,,,,,,,,,,,,,
701217,1,,C,,,,,,,,,,,,,,,,,,
701217,0,,C,,,,,,,,,,,,,,,,,,
701217,4,,C,,,,,,,,,,,,,,,,,,
701220,2,,C,,,,,,,,,,,,,,,,,,
701220,37,,C,,,,,,,,,,,,,,,,,,
701220,33,,C,,,,,,,,,,,,,,,,,,
701220,30,,C,,,,,,,,,,,,,,,,,,
701227,7,,C,,,,,,,,,,,,,,,,,,
701234,3,,C,,,,,,,,,,,,,,,,,,
701235,5,,C,,,,,,,,,,,,,,,,,,
701236,33,,C,,,,,,,,,,,,,,,,,,
701236,28,,C,,,,,,,,,,,,,,,,,,
701236,3,,C,,,,,,,,,,,,,,,,,,
701236,12,,C,,,,,,,,,,,,,,,,,,
701236,24,,C,,,,,,,,,,,,,,,,,,
701236,19,,C,,,,,,,,,,,,,,,,,,
701236,36,,C,,,,,,,,,,,,,,,,,,
701237,6,,C,,,,,,,,,,,,,,,,,,
701241,3,,C,,,,,,,,,,,,,,,,,,
701241,2,,C,,,,,,,,,,,,,,,,,,
701241,0,,C,,,,,,,,,,,,,,,,,,
701242,7,,C,,,,,,,,,,,,,,,,,,
701256,4,,C,,,,,,,,,,,,,,,,,,
701256,0,,C,,,,,,,,,,,,,,,,,,
701256,6,,C,,,,,,,,,,,,,,,,,,
701256,3,,C,,,,,,,,,,,,,,,,,,
701260,31,,C,,,,,,,,,,,,,,,,,,
701260,6,,C,,,,,,,,,,,,,,,,,,
701263,2,,C,,,,,,,,,,,,,,,,,,
701269,45,,C,,,,,,,,,,,,,,,,,,
701273,10,,C,,,,,,,,,,,,,,,,,,
701273,0,,C,,,,,,,,,,,,,,,,,,
701286,3,,C,,,,,,,,,,,,,,,,,,
701286,2,,C,,,,,,,,,,,,,,,,,,
701286,1,,C,,,,,,,,,,,,,,,,,,
701288,10,,C,,,,,,,,,,,,,,,,,,
701288,8,,C,,,,,,,,,,,,,,,,,,
701291,0,,C,,,,,,,,,,,,,,,,,,
701303,4,,C,,,,,,,,,,,,,,,,,,
701303,7,,C,,,,,,,,,,,,,,,,,,
701303,2,,C,,,,,,,,,,,,,,,,,,
701303,0,,C,,,,,,,,,,,,,,,,,,
701310,8,,C,,,,,,,,,,,,,,,,,,
701310,6,,C,,,,,,,,,,,,,,,,,,
701310,1,,C,,,,,,,,,,,,,,,,,,
701310,3,,C,,,,,,,,,,,,,,,,,,
701310,9,,C,,,,,,,,,,,,,,,,,,
701310,2,,C,,,,,,,,,,,,,,,,,,
701310,4,,C,,,,,,,,,,,,,,,,,,
701313,29,,C,,,,,,,,,,,,,,,,,,
701317,3,,C,,,,,,,,,,,,,,,,,,
701324,13,,C,,,,,,,,,,,,,,,,,,
701324,3,,C,,,,,,,,,,,,,,,,,,
701334,19,,C,,,,,,,,,,,,,,,,,,
701334,12,,C,,,,,,,,,,,,,,,,,,
701355,29,,C,,,,,,,,,,,,,,,,,,
701357,6,,C,,,,,,,,,,,,,,,,,,
701357,4,,C,,,,,,,,,,,,,,,,,,
701357,7,,C,,,,,,,,,,,,,,,,,,
701357,8,,C,,,,,,,,,,,,,,,,,,
701362,8,,C,,,,,,,,,,,,,,,,,,
701365,0,,C,,,,,,,,,,,,,,,,,,
701365,2,,C,,,,,,,,,,,,,,,,,,
701370,10,,C,,,,,,,,,,,,,,,,,,
701370,9,,C,,,,,,,,,,,,,,,,,,
701370,7,,C,,,,,,,,,,,,,,,,,,
701383,4,,C,,,,,,,,,,,,,,,,,,
701385,12,,C,,,,,,,,,,,,,,,,,,
701385,1,,C,,,,,,,,,,,,,,,,,,
701388,3,,C,,,,,,,,,,,,,,,,,,
701390,12,,C,,,,,,,,,,,,,,,,,,
701390,4,,C,,,,,,,,,,,,,,,,,,
701394,3,,C,,,,,,,,,,,,,,,,,,
701396,5,,C,,,,,,,,,,,,,,,,,,
701398,8,,C,,,,,,,,,,,,,,,,,,
701398,4,,C,,,,,,,,,,,,,,,,,,
701398,5,,C,,,,,,,,,,,,,,,,,,
701398,6,,C,,,,,,,,,,,,,,,,,,
701407,12,,C,,,,,,,,,,,,,,,,,,
701410,0,,C,,,,,,,,,,,,,,,,,,
701410,1,,C,,,,,,,,,,,,,,,,,,
701416,3,,C,,,,,,,,,,,,,,,,,,
701417,3,,C,,,,,,,,,,,,,,,,,,
701422,16,,C,,,,,,,,,,,,,,,,,,
701422,8,,C,,,,,,,,,,,,,,,,,,
701422,10,,C,,,,,,,,,,,,,,,,,,
701422,9,,C,,,,,,,,,,,,,,,,,,
701422,14,,C,,,,,,,,,,,,,,,,,,
701426,0,,C,,,,,,,,,,,,,,,,,,
701428,36,,C,,,,,,,,,,,,,,,,,,
701430,38,,C,,,,,,,,,,,,,,,,,,
701438,15,,C,,,,,,,,,,,,,,,,,,
701438,17,,C,,,,,,,,,,,,,,,,,,
701445,3,,C,,,,,,,,,,,,,,,,,,
701448,0,,C,,,,,,,,,,,,,,,,,,
701450,6,,C,,,,,,,,,,,,,,,,,,
701450,8,,C,,,,,,,,,,,,,,,,,,
701451,0,,C,,,,,,,,,,,,,,,,,,
701451,2,,C,,,,,,,,,,,,,,,,,,
701462,44,,C,,,,,,,,,,,,,,,,,,
701462,46,,C,,,,,,,,,,,,,,,,,,
701464,9,,C,,,,,,,,,,,,,,,,,,
